source_root	source	destination	sha256
resource-pack	textures/environment/halo_256.png	textures/environment/celestial/moon_halo.png	a56b03b076b6abe6624814dafa0ed04101d3ed192806db428d3128c4a8643095
resource-pack	textures/environment/ring_128.png	textures/environment/celestial/moon_ring.png	65cad5ba4deba74e862d6d0a4215f2602840f061c75f86252dc9ce4f003022d5
resource-pack	blocks/adamantium_block.png	textures/block/adamantium_block.png	490fa64c7f5c68ea682ed1c3f0c63724aa2a201e0a7c7565e4627e983b79fa2f
resource-pack	blocks/adamantium_ore.png	textures/block/adamantium_ore.png	52c511c33b1d8de2aa4f9b3be9c0d94bf953a23086e7e135716692d95a9b7a5c
derived	owner-provided:/Users/inxups/Library/Containers/com.tencent.qq/Data/Downloads/textures.rar#textures/block/deepslate_adamantium_ore.png	textures/block/deepslate_adamantium_ore.png	18290731fc113e93931c47d61aa401bf11282944ea9eb0d93e4eeb60a715f612
resource-pack	blocks/crafting_table/adamantium/front.png	textures/block/adamantium_workbench_front.png	5cd14a4279021fa44a6a04366a589d62a15de3ce3bdeadaf39f1cb320915f964
resource-pack	blocks/crafting_table/adamantium/side.png	textures/block/adamantium_workbench_side.png	d97d4faa5e55762b90f3f311ac9a5a426896345c010c0e0a25a5aa068a115f81
resource-pack	blocks/ancient_metal_block.png	textures/block/ancient_metal_block.png	9d54feade5bbb626fc9ae14ed311c646445191851b2e5a318df8cc25499b9fd7
resource-pack	blocks/crafting_table/ancient_metal/front.png	textures/block/ancient_metal_workbench_front.png	36cd686a059996b28a45eb8d593deae67e3dcc3412a2039ca984e100404356e2
resource-pack	blocks/crafting_table/ancient_metal/side.png	textures/block/ancient_metal_workbench_side.png	d8d33d902262b9bfbcb805e6a6a08fe151bdbcf0a88bbda19352e6b7f915b408
resource-pack	blocks/anvil/adamantium/base.png	textures/block/anvil/adamantium/base.png	b2c6035b508d3e6104dda0d0ed274fefb0f425d68c42c5a8277db175f9e241a3
resource-pack	blocks/anvil/adamantium/top_damaged_0.png	textures/block/anvil/adamantium/top_damaged_0.png	31941432e1afb85b57d5e3ffd77fd089c5e70325d01fa504bfdc680f46683ab4
resource-pack	blocks/anvil/adamantium/top_damaged_1.png	textures/block/anvil/adamantium/top_damaged_1.png	77dbb6dfe5e474a61190e93798684d6ab8b0cf2f9cffbfa5d4646a9482cce0a1
resource-pack	blocks/anvil/adamantium/top_damaged_2.png	textures/block/anvil/adamantium/top_damaged_2.png	6bd702bb151bc111effb34de4d65f6a4e7efcf2c7ea909d309cc809e63361240
resource-pack	blocks/anvil/ancient_metal/base.png	textures/block/anvil/ancient_metal/base.png	1c400dc7442a341f59c777940f76e33980eab45575a6519dbfdc7d3305b409bc
resource-pack	blocks/anvil/ancient_metal/top_damaged_0.png	textures/block/anvil/ancient_metal/top_damaged_0.png	69767fb9f13b57831afcd8c2fcc4964786a886ceb54bc4d177c3d9e82508f451
resource-pack	blocks/anvil/ancient_metal/top_damaged_1.png	textures/block/anvil/ancient_metal/top_damaged_1.png	8991b50d4a00bb336e67806a2e4038f50c5bf87bcdf07ae201fcb8ab23bd015f
resource-pack	blocks/anvil/ancient_metal/top_damaged_2.png	textures/block/anvil/ancient_metal/top_damaged_2.png	4efea3bf903ba3749a301c8412047cc803370bafa3c2e362a348e97c1af0a95c
resource-pack	blocks/anvil/copper/base.png	textures/block/anvil/copper/base.png	049d3e0ffefec25fc4c07e418f0d7a4b2404ba230f6fedc6edafb0bf28e89e69
resource-pack	blocks/anvil/copper/top_damaged_0.png	textures/block/anvil/copper/top_damaged_0.png	90c0d3a4ab2f9db38faa291b237702a1a49ed97751cd4978d14cfeaa6bda717c
resource-pack	blocks/anvil/copper/top_damaged_1.png	textures/block/anvil/copper/top_damaged_1.png	f703b0d40772dc3c9009ff440d7e37692e4b8a637e586734d2219d85617b35e0
resource-pack	blocks/anvil/copper/top_damaged_2.png	textures/block/anvil/copper/top_damaged_2.png	fa63b99284d50ebaea6aff420505abcd4aa5684056b15145f4edfaba03cafef9
resource-pack	blocks/anvil/gold/base.png	textures/block/anvil/gold/base.png	95d6dfc1ac099f839295b22aef92df6775c6c309325d77edb951c63a90fcf880
resource-pack	blocks/anvil/gold/top_damaged_0.png	textures/block/anvil/gold/top_damaged_0.png	627a178263d328c552ab161af5903a156499a6de5f12a82ad102258b51194118
resource-pack	blocks/anvil/gold/top_damaged_1.png	textures/block/anvil/gold/top_damaged_1.png	fb52632bd977863cda8af7fb189b8c940e9966ebc7d00bfc0f980a7cf0abd615
resource-pack	blocks/anvil/gold/top_damaged_2.png	textures/block/anvil/gold/top_damaged_2.png	ebd9036f860493b896aba2ae9d8ca505ef907a3c5561d1869fdd0783ae5faff5
resource-pack	blocks/anvil/iron/base.png	textures/block/anvil/iron/base.png	1c0f11ec9badf32b7a25a7bd2af1eeed3f577d8ce5cb1e35bdc37cc9cafaf481
resource-pack	blocks/anvil/iron/top_damaged_0.png	textures/block/anvil/iron/top_damaged_0.png	5e8c0fd8d30619f2c8802525fdda6e4c1320b18a0d758abbeba01a4725364569
resource-pack	blocks/anvil/iron/top_damaged_1.png	textures/block/anvil/iron/top_damaged_1.png	f0fed5d967149fa9ced22da138c3d71e48197001ea6ad970ec2b02264bbebe3c
resource-pack	blocks/anvil/iron/top_damaged_2.png	textures/block/anvil/iron/top_damaged_2.png	47f2e37e34c5ae9231cbbc3f09b174cedd939c8831fa580af5850edb89a00f31
resource-pack	blocks/anvil/mithril/base.png	textures/block/anvil/mithril/base.png	4569f93540ec0b6a40937b82f90f0870329ef8c10a25ae22d69898e980888b5a
resource-pack	blocks/anvil/mithril/top_damaged_0.png	textures/block/anvil/mithril/top_damaged_0.png	5d37273c23b95d599ec0ee12843a2c99f253c75e217c7d209a1b4879732c7f26
resource-pack	blocks/anvil/mithril/top_damaged_1.png	textures/block/anvil/mithril/top_damaged_1.png	49591799922ec4bc3ae5fd2cfb8a0b6c9c1d47abb5d5280061e124c8df731e58
resource-pack	blocks/anvil/mithril/top_damaged_2.png	textures/block/anvil/mithril/top_damaged_2.png	6d6b7a58df8591bac6a4ffd65d99dc46b88fb367d63663a76034c9694507fb88
resource-pack	blocks/anvil/silver/base.png	textures/block/anvil/silver/base.png	2a9696e6e096fff55cfbb1b0faf4d2ee4cf6159d57d55b1ee2107c798fb2e18e
resource-pack	blocks/anvil/silver/top_damaged_0.png	textures/block/anvil/silver/top_damaged_0.png	6808230418e5a42b14b652b3b66f4e7284fad5f31cd6b3deae48e8ad77aae951
resource-pack	blocks/anvil/silver/top_damaged_1.png	textures/block/anvil/silver/top_damaged_1.png	4cc9fa619c49a9540d8761adff04115f52e314c30e6d2382d169704aaab36a78
resource-pack	blocks/anvil/silver/top_damaged_2.png	textures/block/anvil/silver/top_damaged_2.png	a39d7b0408a3c098c723e1c800d23c1392cddca83881183111def4b17fc3c7de
resource-pack	blocks/bushes/blueberry.png	textures/block/blueberry_bush.png	24a3319dedee09692d1521b62e86bef060ddab2775ab354c378eda934a39d395
resource-pack	blocks/bushes/blueberry_picked.png	textures/block/blueberry_bush_picked.png	3b2245eb527b84d135a1e704c0d87cb97a8bf4676380bf7dc0883910bf56808b
resource-pack	blocks/furnace/clay/front_off.png	textures/block/clay_furnace_front.png	01c5135f37e33408afe04851d4f541321c7ddcaf3906814e6965772c76c2f8c1
resource-pack	blocks/furnace/clay/front_on.png	textures/block/clay_furnace_front_on.png	08435f48b306d1d42de1005b4741d40b0416f0dd3996493ca90ea4676049c0e5
resource-pack	blocks/furnace/clay/side.png	textures/block/clay_furnace_side.png	842d9922c0a5d7c43e259fb836e9ac53a7c8f9cb2d243c99da9810011f90353d
resource-pack	blocks/furnace/clay/top.png	textures/block/clay_furnace_top.png	9a2c67d186e1335cc38e85affde87b57998694bf9d92c5e4146b3b24cba04c60
resource-pack	blocks/crafting_table/copper/front.png	textures/block/copper_workbench_front.png	084d1e5ea3ec094cabc2fb1a6018e62f8d23de7a78b95a2cbe5db682f42f4758
resource-pack	blocks/crafting_table/copper/side.png	textures/block/copper_workbench_side.png	f6c072571ebf94f8fb5e070c9cf238416da82def8cb2738c2c44bee18f8ea3d9
itf-reborn	blocks/crops/beetroot/0.png	textures/block/crops/beetroot/0.png	eaf394710b9f274b63054914aa1ebd8b0bf73b69f2b160f4a00581f5727d56aa
itf-reborn	blocks/crops/beetroot/1.png	textures/block/crops/beetroot/1.png	539314c990c72c644501683ad1fed92da0c76e70f5974cec86451cde34020ebf
itf-reborn	blocks/crops/beetroot/2.png	textures/block/crops/beetroot/2.png	c060ac2227b3476fe372059838ddb6d93f075a78db5690fc1a516bbb27c69432
itf-reborn	blocks/crops/beetroot/3.png	textures/block/crops/beetroot/3.png	f5fb95065ee6377bc3eced47e53ea1741c4dca3e5b5a2b505b9a119649897143
itf-reborn	blocks/crops/beetroot/blighted/0.png	textures/block/crops/beetroot/blighted/0.png	6b49bec02becd0834c22e3d4afa9d40e4f839cea8a92b62b7f4c3d985decfc25
itf-reborn	blocks/crops/beetroot/blighted/1.png	textures/block/crops/beetroot/blighted/1.png	65b334cfc0ee067e3da805d8aa45c66ade469c8e59457d56e142d335cd075b8a
itf-reborn	blocks/crops/beetroot/blighted/2.png	textures/block/crops/beetroot/blighted/2.png	039c5e1ba6d55ebdc5a3da41c38402eae4bec24ca42f91c69097e2ebfe848173
itf-reborn	blocks/crops/beetroot/blighted/3.png	textures/block/crops/beetroot/blighted/3.png	256bf6e530631e91605db2b44531cde54eff8900b789be28d38b56003d0acef5
itf-reborn	blocks/crops/beetroot/dead/0.png	textures/block/crops/beetroot/dead/0.png	28cbfe3a6713ac6d640b65b5211e6c8d16c645c94d5b46b8b490c89f777729f6
itf-reborn	blocks/crops/beetroot/dead/1.png	textures/block/crops/beetroot/dead/1.png	64dc5a15304196e6069802a975f5ba4185b3c4687292e3e15349ebe47ed5a634
itf-reborn	blocks/crops/beetroot/dead/2.png	textures/block/crops/beetroot/dead/2.png	94d1f11368286386fa262bccc85f51a2948f38419e3f0af15f64a7ea21b290ed
itf-reborn	blocks/crops/beetroot/dead/3.png	textures/block/crops/beetroot/dead/3.png	a35079e3135950719a65e46dde984db1fff489e3a2f5ad28e951ba8a9c8ef0f5
resource-pack	blocks/crops/carrots/0.png	textures/block/crops/carrots/0.png	3c3bb388d21f334d8b9882d8e4014799edd9120dad2565dc23fba3a1de03ac0e
resource-pack	blocks/crops/carrots/1.png	textures/block/crops/carrots/1.png	9274d1fc569b56024d29492b6f8daf6546c80149afb417c1c2208586ad41dbcc
resource-pack	blocks/crops/carrots/2.png	textures/block/crops/carrots/2.png	ad1c140ff161bb651174bdf1244a248243baa1b0b06b3707f208b1408a2d5392
resource-pack	blocks/crops/carrots/3.png	textures/block/crops/carrots/3.png	edf0d5364f07941a3f5eb43faa32639c14d425685d2063c8197a0121344866e2
resource-pack	blocks/crops/carrots/blighted/0.png	textures/block/crops/carrots/blighted/0.png	ca4fccaae1bae70f7e26513f853fd6d8172195fba5caeb8353fe78656d15ce2a
resource-pack	blocks/crops/carrots/blighted/1.png	textures/block/crops/carrots/blighted/1.png	c21d87c85f8a708981e709fdc1a5f8227cda2df28b92e5acd3fb9e000a057b37
resource-pack	blocks/crops/carrots/blighted/2.png	textures/block/crops/carrots/blighted/2.png	cf93228fd11c93ec8bdcf6a125372ecf4529934ec99578ea97ed0066f8d38844
resource-pack	blocks/crops/carrots/blighted/3.png	textures/block/crops/carrots/blighted/3.png	bf79f9607f780c763abac8635e71d873d43b62ddd167822a4959ab8e6f1c3cf9
resource-pack	blocks/crops/carrots/dead/0.png	textures/block/crops/carrots/dead/0.png	3c86232e89f79585b37c44fce4ba791193ad6de769e53935d64d3bb7a34f2feb
resource-pack	blocks/crops/carrots/dead/1.png	textures/block/crops/carrots/dead/1.png	6d51cd1a500a1da3dd545c9322d1981c96dc9f968b620e464a809d83344289d7
resource-pack	blocks/crops/carrots/dead/2.png	textures/block/crops/carrots/dead/2.png	4ef90d02ce815af28fef4c86e5f28998b8c26b2b1197b8a4a8ba35e3aa2c8243
resource-pack	blocks/crops/potatoes/0.png	textures/block/crops/potatoes/0.png	e49fdeba4798affef4e7c217e580a6231d954473c977f08ab95566398c6abd28
resource-pack	blocks/crops/potatoes/1.png	textures/block/crops/potatoes/1.png	9fffe9363411d30d270d9af1b59de14b2766224709f4089e4c05fd51796106a0
resource-pack	blocks/crops/potatoes/2.png	textures/block/crops/potatoes/2.png	fdf05bc79f08706cf99cf1307a36fb512e15c42bfabecb53daa739e2a52b1e0a
resource-pack	blocks/crops/potatoes/3.png	textures/block/crops/potatoes/3.png	da3f0662a760cdb17cf5e953c5ec8211995bdc9387e4227462d11162107800a7
resource-pack	blocks/crops/potatoes/blighted/0.png	textures/block/crops/potatoes/blighted/0.png	90396fd6de907648909a0ca0be834df77851fcc56f7b03988d4ab05b5fb40060
resource-pack	blocks/crops/potatoes/blighted/1.png	textures/block/crops/potatoes/blighted/1.png	8c80212ec2369e052e3d8b17f410afbc993f810b49788c2f60b1254675b88c2e
resource-pack	blocks/crops/potatoes/blighted/2.png	textures/block/crops/potatoes/blighted/2.png	fc7a755ebad9a9b7a52317a209c16008b9fe7933fe9faf08282b057340019fdb
resource-pack	blocks/crops/potatoes/blighted/3.png	textures/block/crops/potatoes/blighted/3.png	66aa988b4c0c1e96ce6459ad4a132312bfd348a8b80117949e5a6e07be31bc23
resource-pack	blocks/crops/potatoes/dead/0.png	textures/block/crops/potatoes/dead/0.png	45cb163905fbe19cf7c885d7342fd0c571936d9b79597e4a2d8878742a8f7fcb
resource-pack	blocks/crops/potatoes/dead/1.png	textures/block/crops/potatoes/dead/1.png	453af1675bfb10cac4cb8823d39ecfb86a5ecff3e345aa7bd5edd418d3f2f251
resource-pack	blocks/crops/potatoes/dead/2.png	textures/block/crops/potatoes/dead/2.png	d701f371d345909c3b067f860a444ce445c5449acceb06639ce74b0b4815e9a7
resource-pack	blocks/crops/wheat/0.png	textures/block/crops/wheat/0.png	5ebb77250b617b869d551835a5768807df3b7ba7c88b98f52084df5a8a66c4d0
resource-pack	blocks/crops/wheat/1.png	textures/block/crops/wheat/1.png	b2c838fcefb994c2ffa7554a0b70cace3c4d49b0b77d4a9ad50cb9774b20c28d
resource-pack	blocks/crops/wheat/2.png	textures/block/crops/wheat/2.png	25c1f28fc1ee8edafc96320e7cc8aea777bef22a7a1008c97150483e2c23ad96
resource-pack	blocks/crops/wheat/3.png	textures/block/crops/wheat/3.png	7274e1ec1f3fde7557adeecc46060ff33e77d6090148bad0984e81469612a31f
resource-pack	blocks/crops/wheat/4.png	textures/block/crops/wheat/4.png	aab81a9c8701f6dd5d29ef610ff43d5d9f4de22e5d1f35482d0bfebe896f2e1b
resource-pack	blocks/crops/wheat/5.png	textures/block/crops/wheat/5.png	4b567ab69eb54164bbeada5c16f82877914f5d18d3290f9aa239dd1936e1075c
resource-pack	blocks/crops/wheat/6.png	textures/block/crops/wheat/6.png	6e3b0ec2ef00fe515477551964e8a0ce86454036862f4ef72598541b1c380fdb
resource-pack	blocks/crops/wheat/7.png	textures/block/crops/wheat/7.png	eb29d71dd841f19c305871dd5810c38e37b496ce07a7f2d0917dfdf637ac2525
resource-pack	blocks/crops/wheat/blighted/0.png	textures/block/crops/wheat/blighted/0.png	55fc87a360c641b4bbb88fc12ad6a312d366deeb6c58142b8029c21ff6d8dd9a
resource-pack	blocks/crops/wheat/blighted/1.png	textures/block/crops/wheat/blighted/1.png	58f39cd07d23b81d5830b64868b2eab6153418cf93715c059c7206714aef0898
resource-pack	blocks/crops/wheat/blighted/2.png	textures/block/crops/wheat/blighted/2.png	eb2690ebf2c216e164957fe59c654f9c790206601d886d4ea2d94a71cc4664f5
resource-pack	blocks/crops/wheat/blighted/3.png	textures/block/crops/wheat/blighted/3.png	987ce49053433b7b4d543c6dc2621bf5a411f84c810392a768a5582e2ea872a6
resource-pack	blocks/crops/wheat/blighted/4.png	textures/block/crops/wheat/blighted/4.png	197451557ccc9604f9222035cb2ffd175ede1d9cdb6063cc5afd121f491c3fb3
resource-pack	blocks/crops/wheat/blighted/5.png	textures/block/crops/wheat/blighted/5.png	2667d373ab0edd690b8d4b228c844e1b41b7e60aaea213694d5a5a8b2082904a
resource-pack	blocks/crops/wheat/blighted/6.png	textures/block/crops/wheat/blighted/6.png	7f9b27bc40cc2a48a21749a47c9543488a62fadeeefb125f62cea18219d382c9
resource-pack	blocks/crops/wheat/blighted/7.png	textures/block/crops/wheat/blighted/7.png	31d3b84eb6128625260857a8e0c649c049e77094bbc6dbb394991663b50daf41
resource-pack	blocks/crops/wheat/dead/0.png	textures/block/crops/wheat/dead/0.png	4e9465ac36e8e33c9ae666f56a6535f132d280c1e15a582ea3f625879c0279b9
resource-pack	blocks/crops/wheat/dead/1.png	textures/block/crops/wheat/dead/1.png	488549e932164aa026f18a4f066ad48eca6cb6571bd728be3bd312fc4b7a7963
resource-pack	blocks/crops/wheat/dead/2.png	textures/block/crops/wheat/dead/2.png	8618565b816683da7c2233b646d31f09a44c1bf6b819fd7c0afb5e13d45e864f
resource-pack	blocks/crops/wheat/dead/3.png	textures/block/crops/wheat/dead/3.png	c8a210a1c99976462472509aa90b3e92e88bad2b1b3c94d1e463cb15839c7ebd
resource-pack	blocks/crops/wheat/dead/4.png	textures/block/crops/wheat/dead/4.png	26b774aa4ba73fc8f4d9e17d19ad89a6257e7dca3e933710f5baf76fd19709c5
resource-pack	blocks/crops/wheat/dead/5.png	textures/block/crops/wheat/dead/5.png	38e587927ff0dc158e54a62c9f15926867db0a0b77864529f97774fa9e7b891d
resource-pack	blocks/crops/wheat/dead/6.png	textures/block/crops/wheat/dead/6.png	4ca9524db6bb086e8a603c12bac6fba6fa8ef9a9b954dc51a45df0443419dc06
resource-pack	blocks/emerald_enchanting_table_side.png	textures/block/emerald_enchanting_table_side.png	3a644b50bf397c43f4228099acd592bd65a8e6d02bd6bcf59875034ebea34c57
resource-pack	blocks/emerald_enchanting_table_top.png	textures/block/emerald_enchanting_table_top.png	45de9bda6f7dbee36226be497c121a8ffdf40b994895626d09bd3f5a5ee4408f
resource-pack	blocks/crafting_table/flint/top.png	textures/block/flint_workbench_top.png	efe8aa262dccb6ea5d8c694638bf82837682130a51c9a541b324cb8c850c1e8b
resource-pack	blocks/crafting_table/gold/front.png	textures/block/gold_workbench_front.png	91907dbeeb8e5a39046f3d827d57ab72f2a615df833b96bb21b49ee714f8ef51
resource-pack	blocks/crafting_table/gold/side.png	textures/block/gold_workbench_side.png	3dc7f4560dc34b7e23913a992bfa2de45db04b258fd2ed0eb921bf41f55a4ab3
resource-pack	blocks/furnace/hardened_clay/front_off.png	textures/block/hardened_clay_furnace_front.png	c4cca7db4cc15130aa87a9bc9b512537720b8d82c3c8ea7d6ae51db50f3aef31
resource-pack	blocks/furnace/hardened_clay/front_on.png	textures/block/hardened_clay_furnace_front_on.png	7ab7a22653bb2294799c1f23ffb0177836348adea6a0f57b496086b3192a0e3c
resource-pack	blocks/furnace/hardened_clay/side.png	textures/block/hardened_clay_furnace_side.png	5e1f29f187ad344c3b271a16243f1c65ac3469d512582463b59010eeb1172de8
resource-pack	blocks/furnace/hardened_clay/top.png	textures/block/hardened_clay_furnace_top.png	cbb2e51ad6f32a539597c02d4770a20897dae7df0bc5b6162c764aa1c6ae69b4
resource-pack	blocks/crafting_table/iron/front.png	textures/block/iron_workbench_front.png	ff53d9803d469fec24d2bc0d547f5e2155b080788f3cd701ca3e39973985665d
resource-pack	blocks/crafting_table/iron/side.png	textures/block/iron_workbench_side.png	414736f6eab354a21063908a71e0372a6c52191d808113f1c8bfbbdf4c39ffc3
resource-pack	blocks/mantle.png	textures/block/mantle.png	317cf05b7d41348019d999a6f0215fe9446f83a9e3a1799c71faca2f41d58427
resource-pack	blocks/mantle.png.mcmeta	textures/block/mantle.png.mcmeta	90820073ad68c6fd6012a3f42296d3dbaac1a9e5d0e086e60547e741dfd81ccc
resource-pack	blocks/mithril_block.png	textures/block/mithril_block.png	85eecac295b49847b1fff0291bd8f7706b51f064e5f25445470801193a1bfcd1
resource-pack	blocks/mithril_ore.png	textures/block/mithril_ore.png	2c0ec599321cd124b79472bc7367a4ac1d5234e11c5e28ee4f977a8b951b09f0
derived	owner-provided:/Users/inxups/Library/Containers/com.tencent.qq/Data/Downloads/textures.rar#textures/block/deepslate_mithril_ore.png	textures/block/deepslate_mithril_ore.png	a8c8c0f86475b1b86ac93288fd3367e01ebf0afbaef30e5523c00c9778c87ec3
resource-pack	blocks/crafting_table/mithril/front.png	textures/block/mithril_workbench_front.png	290dc5dda598706c0df8268ef6c8743087d12a21b1a2e521d6ed4b114c1df5dd
resource-pack	blocks/crafting_table/mithril/side.png	textures/block/mithril_workbench_side.png	64f1f36ffc9fb329ace41b8f0e800f290aba033478856f5655ef714afdd0bb23
resource-pack	blocks/furnace/netherrack/front_off.png	textures/block/netherrack_furnace_front.png	ecf58efeba87d7c604c2b0af22115c239a8b5c702d815899b01c3365376c3412
resource-pack	blocks/furnace/netherrack/front_on.png	textures/block/netherrack_furnace_front_on.png	f7936f7007d71bd1de9cb7e627a256213e6166ae201a509239c4f6dc10ad1fed
resource-pack	blocks/furnace/netherrack/side.png	textures/block/netherrack_furnace_side.png	61888490da1398c812e71896df5c4e5814058c44e040e1d51a99b43e3bdc7021
resource-pack	blocks/furnace/netherrack/top.png	textures/block/netherrack_furnace_top.png	a7260216ba8b0cc85886debc95feba360d83726cca7c7f136b77711c7cfa4ab3
resource-pack	blocks/portal_nether.png	textures/block/nether_portal.png	9b7cd6cc5ec26487116f8d412bddcf4abd8556e31ce5cec7a2fa0851d8b3c82d
resource-pack	blocks/portal_nether.png.mcmeta	textures/block/nether_portal.png.mcmeta	4a5dad045d1c6172b28dca8eda5ee036ecf966137cda30c64770bf48689c92d4
resource-pack	blocks/furnace/obsidian/front_off.png	textures/block/obsidian_furnace_front.png	f48b8394a942e1de94d70afb93ee693d9cee95e971e4c23da55665484403ba5e
resource-pack	blocks/furnace/obsidian/front_on.png	textures/block/obsidian_furnace_front_on.png	5693b43a334c85e48e4e2e80623c32802b0cef9c09a0121e55f892fbaa7c49e2
resource-pack	blocks/furnace/obsidian/side.png	textures/block/obsidian_furnace_side.png	bd779488d1122cb39edbde324d46e037f78249a3fd237418070c216e787b16a3
resource-pack	blocks/furnace/obsidian/top.png	textures/block/obsidian_furnace_top.png	ac282694d14cbbb26a2239ab678242c59439c5fe6c8367b104caba1da8d0a39b
resource-pack	blocks/crafting_table/obsidian/top.png	textures/block/obsidian_workbench_top.png	53baff0e3377269b9ea73aa9d8464745431fe1b55d6dd19008f232b41cecb2d8
resource-pack	blocks/runegate.png	textures/block/runegate.png	190d396ebc104086181c02ad8d29ec2869586897612bd3612cf552f52cb1e86a
resource-pack	blocks/runegate.png.mcmeta	textures/block/runegate.png.mcmeta	4a5dad045d1c6172b28dca8eda5ee036ecf966137cda30c64770bf48689c92d4
resource-pack	blocks/runestones/adamantium/0.png	textures/block/runestones/adamantium/0.png	79099a1e37bb7e86a3fff68357c6688458a34f671257da86eb73e8faea06e972
resource-pack	blocks/runestones/adamantium/1.png	textures/block/runestones/adamantium/1.png	108df72b8624a639c68677293bfd94702867d9ab327a779cebc4af72db4bc910
resource-pack	blocks/runestones/adamantium/10.png	textures/block/runestones/adamantium/10.png	6bc50e8d2279d32354b1735496662073a05500f34e830f1d48dd8964d35f4122
resource-pack	blocks/runestones/adamantium/11.png	textures/block/runestones/adamantium/11.png	ca5d007c7adb8d3ab576816b4d7f2786921160c439909ec8cbda36843a47f6a3
resource-pack	blocks/runestones/adamantium/12.png	textures/block/runestones/adamantium/12.png	30f0bb9a5f3dab1010156f33b350140fd00b881ca2c66683a60f5ea8e3263539
resource-pack	blocks/runestones/adamantium/13.png	textures/block/runestones/adamantium/13.png	6ee0eceb0c811bfeb96326f44fed6bff1c83eccefafdc080ecc4ca6e57cbb6df
resource-pack	blocks/runestones/adamantium/14.png	textures/block/runestones/adamantium/14.png	76d1913086a81d4fe2ff7ad4683c67795c2c6d7f8ea14c7f6f47f45f5da90022
resource-pack	blocks/runestones/adamantium/15.png	textures/block/runestones/adamantium/15.png	b9a960897aa26cb56de71aeb682a31129c30335c36c9ab69388b17606e49d367
resource-pack	blocks/runestones/adamantium/2.png	textures/block/runestones/adamantium/2.png	c00353ef418d22448d1fe1b5d910d0dfb99ff2a02d28b788abc8cbdec416ed53
resource-pack	blocks/runestones/adamantium/3.png	textures/block/runestones/adamantium/3.png	fb4ed8c1ce4fe1a2719a6c8598c79f4cffce5459178eb0938cc81074733fd0cc
resource-pack	blocks/runestones/adamantium/4.png	textures/block/runestones/adamantium/4.png	40f54a23cf84e8def087f2d4a5052c19019f5917955f353abe098fe05dafbb9f
resource-pack	blocks/runestones/adamantium/5.png	textures/block/runestones/adamantium/5.png	13f3ec416917da3c3233106678df22ce30df91b13c2746ebe4d2cfd89435a1b8
resource-pack	blocks/runestones/adamantium/6.png	textures/block/runestones/adamantium/6.png	6bfeb781e2ed9ae680b63508e5d4c6059a21d96bd8bb96b1ef3ed11be320a0e4
resource-pack	blocks/runestones/adamantium/7.png	textures/block/runestones/adamantium/7.png	db1d27555ea68f9b51f353ac614a5cef1192a580e9780c514166447670bfc075
resource-pack	blocks/runestones/adamantium/8.png	textures/block/runestones/adamantium/8.png	a67f3043694bf68ee2c7f5275ef1c742c8ad07b3a3b4a312c73242b5429457c2
resource-pack	blocks/runestones/adamantium/9.png	textures/block/runestones/adamantium/9.png	81823e6b33c2ed1b7a3083b0998fba1289714988dbd7a9c4bf932dbf0965a156
resource-pack	blocks/runestones/mithril/0.png	textures/block/runestones/mithril/0.png	b24d6d4b234f2deba991c46abf1f605a273a19553e1fa7a0611806f70dfa028c
resource-pack	blocks/runestones/mithril/1.png	textures/block/runestones/mithril/1.png	3225ce889c9d76f3c6d6dae0a0ae927bc37e461ed13d9de3263e95fc797fb786
resource-pack	blocks/runestones/mithril/10.png	textures/block/runestones/mithril/10.png	b22fb4c83aa9f495c9759a876628be43e35f532a569e4fa953efe098a1d62373
resource-pack	blocks/runestones/mithril/11.png	textures/block/runestones/mithril/11.png	a5ef7644f2a46a976ba9b3b8c51fcd7cac2f5bccf1de5948e11f2049c8b570bc
resource-pack	blocks/runestones/mithril/12.png	textures/block/runestones/mithril/12.png	ac1d38ec6b6da0644c75109bebb7ed1728b527396634adcfe641b1f66da07737
resource-pack	blocks/runestones/mithril/13.png	textures/block/runestones/mithril/13.png	e88c75d6b63dea37e0c7f237b4311c97e4b93579863184f6c0f655f92829af11
resource-pack	blocks/runestones/mithril/14.png	textures/block/runestones/mithril/14.png	8afd32d5a2fdba40edf62d4cb24c816071f5bd4b6a09ccd6ea7a142bd7f5592d
resource-pack	blocks/runestones/mithril/15.png	textures/block/runestones/mithril/15.png	953a0e1bc5fb1ad022d5122f19ce86e92cd98c16cf2d30f6a32459b8a6124e84
resource-pack	blocks/runestones/mithril/2.png	textures/block/runestones/mithril/2.png	a1522e5a0813c9282ea937c6c969f490364e37635f582c3f9fd80906da6c1b5a
resource-pack	blocks/runestones/mithril/3.png	textures/block/runestones/mithril/3.png	0df33ac0b4c17bb0f85a455ca58dd5dfee1ab6a8d10a9288e6a8a1599d67ce3f
resource-pack	blocks/runestones/mithril/4.png	textures/block/runestones/mithril/4.png	0da8d0b47d655dac5f09806a31de964e854075b5384438c62a7b52cc860fe087
resource-pack	blocks/runestones/mithril/5.png	textures/block/runestones/mithril/5.png	520cb8f97c8f590ee6af59e9f9579f65b9cda27c7951708f67e1a05f2a00d5a3
resource-pack	blocks/runestones/mithril/6.png	textures/block/runestones/mithril/6.png	5bb4087aae175121471cc982ba23a2610547681e7d4f4c178c3a0e46931c2381
resource-pack	blocks/runestones/mithril/7.png	textures/block/runestones/mithril/7.png	b61344f406a451c47ec8b52cda85f34ffe002a2e4e843a926f3ac7827ca63076
resource-pack	blocks/runestones/mithril/8.png	textures/block/runestones/mithril/8.png	bd91b50ade89b85724a86392f21157584771fa6fd640ada5b9cce9fb33a1464a
resource-pack	blocks/runestones/mithril/9.png	textures/block/runestones/mithril/9.png	4c510e8494f61c9b3230b39577afe43dcbcf2d9f1d38db34ae902e2407f49913
resource-pack	blocks/furnace/sandstone/front_off.png	textures/block/sandstone_furnace_front.png	df9f336b8cc177edfec5842e23dc12e54a24cd06adf3b702998c2348d984b259
resource-pack	blocks/furnace/sandstone/front_on.png	textures/block/sandstone_furnace_front_on.png	a49e385d5f383c2e4ff468f9074c3bf29c9d1a1678ba6edaef0e7c0168974d1c
resource-pack	blocks/furnace/sandstone/side.png	textures/block/sandstone_furnace_side.png	b75bbefe17e0f35b0346d618eb176a631114ad82d4698948c6c1a472eb7b8c40
resource-pack	blocks/furnace/sandstone/top.png	textures/block/sandstone_furnace_top.png	56c98c1a626c00e8aaba959f1c09d39f22c10a90cbf560b8916943d67750244d
resource-pack	blocks/silver_block.png	textures/block/silver_block.png	eab324c30fb294c0bcbc604f4657109b607bbf74325b66659874c1a9d0dfb496
resource-pack	blocks/silver_ore.png	textures/block/silver_ore.png	f6e5aa659d4ae0889292a272829fc141957245b21f648b3d450b2c5c940feb1a
derived	owner-provided:/Users/inxups/Library/Containers/com.tencent.qq/Data/Downloads/textures.rar#textures/block/deepslate_silver_ore.png	textures/block/deepslate_silver_ore.png	025a23b25e32d17e9d7fd2d7eeb0d1f450d9a45f477908e8fcc5a2978f705bea
resource-pack	blocks/crafting_table/silver/front.png	textures/block/silver_workbench_front.png	5f61e93ec67a7008df29c340195d25a9cb9f28c7c193174ebecc56fdbea8f660
resource-pack	blocks/crafting_table/silver/side.png	textures/block/silver_workbench_side.png	b5522f9fcff8314ea5c283cc339f5e119904452b5a4a58f2a8ccfc76b1200a48
resource-pack	blocks/snow.png	textures/block/snow_slab.png	d9795b2b0646b7981292760a010a9fd6887d8656bf8901ef27a37ae543b19e33
derived	owner-provided:/var/folders/m5/gv7_10k149l3j4l02mt548zr0000gp/T/codex-clipboard-04956ea9-35c1-4b9b-8a20-563074863589.png	textures/block/sgravel.png	6fcc1446766223d894df5fe474b7635d8c87dbf8fedacaa85c82d6b7748f75f5
derived	owner-provided:/Users/inxups/Library/Containers/com.tencent.qq/Data/Downloads/textures.rar#textures/entity/bat.png	textures/entity/bat.png	6d13496ffff10bb9302825f0ba1845051f1d99246d873248a9686066ebdb8174
derived	owner-provided:/Users/inxups/Downloads/nightwing.png	textures/entity/bat/nightwing.png	57d9365b8ae4c740a4311dd0146401fe531f071994fe5847d7ca3f7da8d7db3d
derived	owner-provided:/Users/inxups/Library/Containers/com.tencent.qq/Data/Downloads/textures.rar#textures/entity/bat/vampire.png	textures/entity/bat/vampire.png	9406a46a557962b63568130400e2ebfbf0e30a20e8d2601ae349355cdc457032
resource-pack	entity/blaze.png	textures/entity/blaze.png	d1177b4b4d36b47f2c149b12e87112c3f0ae9b426aa9df063d176d7fb038bf65
derived	owner-provided:/Users/inxups/Library/Containers/com.tencent.qq/Data/Downloads/textures.rar#textures/entity/chest/adamantium.png	textures/entity/chest/adamantium.png	68379abc32a4022d897dfbea0d0a16e743a0ed7e24826cf9be125cf717c06054
derived	owner-provided:/Users/inxups/Library/Containers/com.tencent.qq/Data/Downloads/textures.rar#textures/entity/chest/ancient_metal.png	textures/entity/chest/ancient_metal.png	479fa7fe527ac1589010394abf440b7f0ce95638f43d659455209ee50dd25186
derived	owner-provided:/Users/inxups/Library/Containers/com.tencent.qq/Data/Downloads/textures.rar#textures/entity/chest/copper.png	textures/entity/chest/copper.png	48c6bc03e652d3c4bd93f8032fdf53d106c32131d7ae92d8fa867172b323bcad
derived	owner-provided:/Users/inxups/Library/Containers/com.tencent.qq/Data/Downloads/textures.rar#textures/entity/chest/gold.png	textures/entity/chest/gold.png	f5298a361302922a7e35da77829c058ffcaee7975ece3aa790c5ba366f28f02c
derived	owner-provided:/Users/inxups/Library/Containers/com.tencent.qq/Data/Downloads/textures.rar#textures/entity/chest/iron.png	textures/entity/chest/iron.png	811dfebaa0ff749a87fb5199ca65acbbf8e60930eab238f11e4c80dd8e5eca85
derived	owner-provided:/Users/inxups/Library/Containers/com.tencent.qq/Data/Downloads/textures.rar#textures/entity/chest/mithril.png	textures/entity/chest/mithril.png	52c584e183565572eecd31feb2063af4b421016d394121945ceed29a298845d8
derived	owner-provided:/Users/inxups/Library/Containers/com.tencent.qq/Data/Downloads/textures.rar#textures/entity/chest/silver.png	textures/entity/chest/silver.png	8bf16fb84b30af782fc3a81121be811f8d5720a5cbf1e3d7a439203496b6ba83
derived	26.2/chicken/chicken_cold.png+mite/chicken/sick.png	textures/entity/chicken/chicken_cold_sick.png	9af73b66b22f739cc72cc0828c487eb948f99804c14692ef29009c66cb9119e4
derived	26.2/chicken/chicken_cold_baby.png+mite/chicken/sick.png	textures/entity/chicken/chicken_cold_sick_baby.png	26f7be3f9a1942a80705b971006639fac9398308a5f3e0b5ef0b6091daa7a9d1
derived	26.2/chicken/chicken_temperate.png+mite/chicken/sick.png	textures/entity/chicken/chicken_temperate_sick.png	e5a4c048d518d2eedef128ed8c177142f65bcf39e5511468427e33744dac2cad
derived	26.2/chicken/chicken_temperate_baby.png+mite/chicken/sick.png	textures/entity/chicken/chicken_temperate_sick_baby.png	3e26071316e67f6537e9410f1b5d9e1c53a31eee3db364405444899ec17038c8
derived	26.2/chicken/chicken_warm.png+mite/chicken/sick.png	textures/entity/chicken/chicken_warm_sick.png	4e6278fa16cca1196b5d8a56bfd6232cfc054ab3bed06c6fec307da03389054b
derived	26.2/chicken/chicken_warm_baby.png+mite/chicken/sick.png	textures/entity/chicken/chicken_warm_sick_baby.png	f3e60de61027cb3bf356dba2b753a520408f2b815abb1d4074d069e33f245d9d
derived	26.2/cow/cow_cold.png+mite/cow/sick.png	textures/entity/cow/cow_cold_sick.png	1ce1beac59592c1f566ba82464ef5ca325facb7de4867586116571202af33f22
derived	26.2/cow/cow_cold_baby.png+mite/cow/sick.png	textures/entity/cow/cow_cold_sick_baby.png	96031780790d88cd8d3486bcf222e2e10a83acd59af71e4a4ce241294dca95aa
derived	26.2/cow/cow_temperate.png+mite/cow/sick.png	textures/entity/cow/cow_temperate_sick.png	7058ec626c30cc9a29d11320fc45cc1cf6959f114d033aaa84b73b0c7d9ea7ad
derived	26.2/cow/cow_temperate_baby.png+mite/cow/sick.png	textures/entity/cow/cow_temperate_sick_baby.png	9feed9281134380e7ece0a13c67ea4a27973168b68b785771b590b6337f7a0e7
derived	26.2/cow/cow_warm.png+mite/cow/sick.png	textures/entity/cow/cow_warm_sick.png	240977491435d4ad3a7c753316efca767a8300e49054108d79df5937a3681dc7
derived	26.2/cow/cow_warm_baby.png+mite/cow/sick.png	textures/entity/cow/cow_warm_sick_baby.png	976e740be2df3391ceb10624f9ca3f0a28dc60da34cffa3c3a0ace47fe11f840
resource-pack	entity/creeper/infernal_creeper.png	textures/entity/creeper/infernal_creeper.png	3a2bc8d752d765c2f353727b9e1a13a959dea5c70e8f28a6940ed93049a3dd3d
resource-pack	entity/dire_wolf/angry.png	textures/entity/dire_wolf/angry.png	f61d7704a8da348906a201d24cbeffae207476be8ef6377fcc20e4e5a152ea76
resource-pack	entity/dire_wolf/neutral.png	textures/entity/dire_wolf/neutral.png	d4c27982902a2d78ebc46a8a3e46e22461ac55f6ceff3ec6d3927d02ba311401
resource-pack	entity/dire_wolf/tame.png	textures/entity/dire_wolf/tame.png	524d72fddbe82cc90fb29e3fb6d0dfd32948987bc8851e2dd9249f59d7673589
resource-pack	entity/earth_elemental/clay/earth_elemental_clay.png	textures/entity/earth_elemental/clay/earth_elemental_clay.png	a53b50d6661a822ddb79d77c3b736353cbcc96675abc03d79ee7b4bc4248a5da
resource-pack	entity/earth_elemental/clay/earth_elemental_clay_hardened.png	textures/entity/earth_elemental/clay/earth_elemental_clay_hardened.png	9f2b26ca78802499db1b4c4bb5fb2759edd71191d70973957bc2992a4f27ddbc
resource-pack	entity/earth_elemental/earth_elemental_glow.png	textures/entity/earth_elemental/earth_elemental_glow.png	f9ed0c9824ebf12b40f0ec2098c81a3552778358f20e7f785be8034040afd571
resource-pack	entity/earth_elemental/earth_elemental_magma_glow.png	textures/entity/earth_elemental/earth_elemental_magma_glow.png	cb7be527ff82d0f94c658ae24ede24d513f17f020ece2d13242d64f770dad37e
resource-pack	entity/earth_elemental/end_stone/earth_elemental_end_stone.png	textures/entity/earth_elemental/end_stone/earth_elemental_end_stone.png	283ae31a0a4cc072f5774e91d5518f6bd2204996bda39cbe627eda1370a17379
resource-pack	entity/earth_elemental/end_stone/earth_elemental_end_stone_magma.png	textures/entity/earth_elemental/end_stone/earth_elemental_end_stone_magma.png	490ca87c29a4227175df4631fd631fb87b5b0000692bd8e3dca265fc6b3214f6
resource-pack	entity/earth_elemental/netherrack/earth_elemental_netherrack.png	textures/entity/earth_elemental/netherrack/earth_elemental_netherrack.png	10befe07190191b2ee3d3522ce20e89c275127a9f173b94586f3780e4b4aee31
resource-pack	entity/earth_elemental/netherrack/earth_elemental_netherrack_magma.png	textures/entity/earth_elemental/netherrack/earth_elemental_netherrack_magma.png	3b769fd65420d023ed688d82ebe8fa07e49fa1a73e80db364716d1a1016aac5d
resource-pack	entity/earth_elemental/obsidian/earth_elemental_obsidian.png	textures/entity/earth_elemental/obsidian/earth_elemental_obsidian.png	178551ee12973882f12ac91e561edb62f0c1beb69e5921dc790d1a48a6f3bcff
resource-pack	entity/earth_elemental/obsidian/earth_elemental_obsidian_magma.png	textures/entity/earth_elemental/obsidian/earth_elemental_obsidian_magma.png	bcad351662e3a5ad8637a524bae043707518571dd42b7bf44e761cb0b3179c9b
resource-pack	entity/earth_elemental/stone/earth_elemental_stone.png	textures/entity/earth_elemental/stone/earth_elemental_stone.png	456bdd10f071f84d0c7ae19da3845707b2dd1e54d7b25ea97ac74de1cadd5298
resource-pack	entity/earth_elemental/stone/earth_elemental_stone_magma.png	textures/entity/earth_elemental/stone/earth_elemental_stone_magma.png	d76070715c115ec65f33c65845e3f8428fd23294a093108bd97477a80fb6ba14
resource-pack	entity/horse/armor/horse_armor_adamantium.png	textures/entity/equipment/horse_body/adamantium.png	71b9deed823a7c7112027c5e951ee74a36d0025bc2d2e52ca7ae6f285a1b1dcc
resource-pack	entity/horse/armor/horse_armor_ancient_metal.png	textures/entity/equipment/horse_body/ancient_metal.png	5ee0f48e53b3f17d67dddbead063a8218bccde9b52d0f2f5107a207a7e86aa52
derived	minecraft:textures/entity/equipment/horse_body/copper.png	textures/entity/equipment/horse_body/copper.png	ba616e56de6fd9ae8e6d5b7533b941c50d36655de04adf42066d4200f174ca82
derived	minecraft:textures/entity/equipment/horse_body/gold.png	textures/entity/equipment/horse_body/gold.png	96abd6b1a1f09030472e3d0bf675f61840abf4cc4b0cb9ad4f39836252bc7fa9
derived	minecraft:textures/entity/equipment/horse_body/iron.png	textures/entity/equipment/horse_body/iron.png	3151bb0f29c6cc45f609cd3f635f78b166bc3164e5d9dfeb7cdcba441ebbb13e
resource-pack	entity/horse/armor/horse_armor_mithril.png	textures/entity/equipment/horse_body/mithril.png	a67a7bd5f29d5be569168696ab6fd358aaa90c2879582d4a63089b66ede5add4
resource-pack	entity/horse/armor/horse_armor_silver.png	textures/entity/equipment/horse_body/silver.png	aaeabf648b88c7e2cd271bd85494af49b2a6626e537f1c539d5dd9e143cac8bf
derived	owner-provided:/Users/inxups/Downloads/armor.zip#armor/adamantium_1.png	textures/entity/equipment/humanoid/adamantium.png	6e308c63687c43e6e12e0b1a50bd9e744ed6c3f3ab59cacaef082ba5dc32a1c0
derived	owner-provided:/Users/inxups/Downloads/armor.zip#armor/adamantium_chainmail_layer_1.png	textures/entity/equipment/humanoid/adamantium_chainmail.png	7e20af525a113b38ee41959e4ff86e8c10fc699cd62d78c253f3d2250dda046d
derived	owner-provided:/Users/inxups/Downloads/armor.zip#armor/ancientmetal_1.png	textures/entity/equipment/humanoid/ancient_metal.png	50307fbf5b4c0e6aa1bfbf1b8991cce809e05b622bea98daff11d5c8398176db
derived	owner-provided:/Users/inxups/Downloads/armor.zip#armor/ancientmetal_chainmail_layer_1.png	textures/entity/equipment/humanoid/ancient_metal_chainmail.png	754ffb462bfb05a04b43c7d12f27e4b039eb56ae970e7ebdf58b7f8678412d39
derived	minecraft:textures/entity/equipment/humanoid/copper.png	textures/entity/equipment/humanoid/copper.png	1ab6f7f3d87cc1ad183f08afe585a57cc81f0e9404e5593b43b4d622c7d8736b
derived	owner-provided:/Users/inxups/Downloads/armor.zip#armor/copper_chainmail_layer_1.png	textures/entity/equipment/humanoid/copper_chainmail.png	6d0e5f933146df8320c2a90d5c3aac3c25ba7b259ad4db26a68768bd84847bcc
resource-pack	models/armor/gold_layer_1.png	textures/entity/equipment/humanoid/gold.png	27fcb1cb122c4d7ec712c025cbaa4c8a271e28ab149666c5f97c72588b5aaa21
derived	owner-provided:/Users/inxups/Downloads/armor.zip#armor/gold_chainmail_layer_1.png	textures/entity/equipment/humanoid/gold_chainmail.png	9167df874a2fccc3b1c3348cc6eb7c2f8cf69f92b464b7a5041db4931f7d845a
derived	owner-provided:/Users/inxups/Downloads/armor.zip#armor/iron_1.png	textures/entity/equipment/humanoid/iron.png	93b246f84d486ea9682ca8b50119758fa65f48780f42208618ac67a66836d5c0
derived	owner-provided:/Users/inxups/Downloads/armor.zip#armor/chain_1.png	textures/entity/equipment/humanoid/iron_chainmail.png	188f84a2c710760d96a975c26828f978c46a7f40fe8d3640843290d368d5d879
resource-pack	models/armor/leather_layer_1.png	textures/entity/equipment/humanoid/leather.png	cf1297aa5a4812c88bf8e707c057c3d3a0dcf97535b5a51afe17b48c1e1959c4
resource-pack	models/armor/leather_layer_1_overlay.png	textures/entity/equipment/humanoid/leather_overlay.png	3174a3e725644f09d7c9aa149f5b510e6d49399cdc38b923cc5870ea564bd405
derived	owner-provided:/Users/inxups/Library/Containers/com.tencent.qq/Data/Downloads/textures.rar#textures/entity/equipment/humanoid/mithril.png	textures/entity/equipment/humanoid/mithril.png	215afa7c9c18d3bb697838989f1ab6ae9da84267f8f9f6333de21df910822562
derived	owner-provided:/Users/inxups/Downloads/armor.zip#armor/mithril_chainmail_layer_1.png	textures/entity/equipment/humanoid/mithril_chainmail.png	49b1a726a619e3d1c49102985011157913450ae7679a1959ad26bd9844094dc0
derived	owner-provided:/Users/inxups/Downloads/armor.zip#armor/rusted_iron_1.png	textures/entity/equipment/humanoid/rusted_iron.png	85f91dc91feef8a3dcf3c51cb3a120c07b7e02f7a1249b97ae21858e930508eb
derived	owner-provided:/Users/inxups/Downloads/armor.zip#armor/rusted_iron_chainmail_layer_1.png	textures/entity/equipment/humanoid/rusted_iron_chainmail.png	926e5e5afd5c2a6548a5391c4af4bc094b93a9cc596978afa4d5f727d7619911
derived	owner-provided:/Users/inxups/Downloads/armor.zip#armor/silver_1.png	textures/entity/equipment/humanoid/silver.png	e77d80decc7ce74710e7651ebc07ca588518f8a9a6c4cee17b7a60ba8c3afb30
derived	owner-provided:/Users/inxups/Downloads/armor.zip#armor/silver_chainmail_layer_1.png	textures/entity/equipment/humanoid/silver_chainmail.png	82df0f30e15f33d791b14a178ff9ec3e116a8cb4b07fd33d5056ca567a9b5ec3
derived	owner-provided:/Users/inxups/Downloads/armor.zip#armor/adamantium_1.png	textures/entity/equipment/humanoid_baby/adamantium.png	6e308c63687c43e6e12e0b1a50bd9e744ed6c3f3ab59cacaef082ba5dc32a1c0
derived	owner-provided:/Users/inxups/Downloads/armor.zip#armor/adamantium_chainmail_layer_1.png	textures/entity/equipment/humanoid_baby/adamantium_chainmail.png	7e20af525a113b38ee41959e4ff86e8c10fc699cd62d78c253f3d2250dda046d
derived	owner-provided:/Users/inxups/Downloads/armor.zip#armor/ancientmetal_1.png	textures/entity/equipment/humanoid_baby/ancient_metal.png	50307fbf5b4c0e6aa1bfbf1b8991cce809e05b622bea98daff11d5c8398176db
derived	owner-provided:/Users/inxups/Downloads/armor.zip#armor/ancientmetal_chainmail_layer_1.png	textures/entity/equipment/humanoid_baby/ancient_metal_chainmail.png	754ffb462bfb05a04b43c7d12f27e4b039eb56ae970e7ebdf58b7f8678412d39
derived	minecraft:textures/entity/equipment/humanoid_baby/copper.png	textures/entity/equipment/humanoid_baby/copper.png	bdf5578c9f6fa537b1523952bab22b0ba3f451f1e653a8e9fca3bfa1d0144d9c
derived	owner-provided:/Users/inxups/Downloads/armor.zip#armor/copper_chainmail_layer_1.png	textures/entity/equipment/humanoid_baby/copper_chainmail.png	6d0e5f933146df8320c2a90d5c3aac3c25ba7b259ad4db26a68768bd84847bcc
resource-pack	models/armor/gold_layer_1.png	textures/entity/equipment/humanoid_baby/gold.png	27fcb1cb122c4d7ec712c025cbaa4c8a271e28ab149666c5f97c72588b5aaa21
derived	owner-provided:/Users/inxups/Downloads/armor.zip#armor/gold_chainmail_layer_1.png	textures/entity/equipment/humanoid_baby/gold_chainmail.png	9167df874a2fccc3b1c3348cc6eb7c2f8cf69f92b464b7a5041db4931f7d845a
derived	owner-provided:/Users/inxups/Downloads/armor.zip#armor/iron_1.png	textures/entity/equipment/humanoid_baby/iron.png	93b246f84d486ea9682ca8b50119758fa65f48780f42208618ac67a66836d5c0
derived	owner-provided:/Users/inxups/Downloads/armor.zip#armor/chain_1.png	textures/entity/equipment/humanoid_baby/iron_chainmail.png	188f84a2c710760d96a975c26828f978c46a7f40fe8d3640843290d368d5d879
resource-pack	models/armor/leather_layer_1.png	textures/entity/equipment/humanoid_baby/leather.png	cf1297aa5a4812c88bf8e707c057c3d3a0dcf97535b5a51afe17b48c1e1959c4
resource-pack	models/armor/leather_layer_1_overlay.png	textures/entity/equipment/humanoid_baby/leather_overlay.png	3174a3e725644f09d7c9aa149f5b510e6d49399cdc38b923cc5870ea564bd405
derived	owner-provided:/Users/inxups/Downloads/armor.zip#armor/mithril_1.png	textures/entity/equipment/humanoid_baby/mithril.png	423023da6f59313e0fa40aef6b2d19cf19be0597552d4645d3c512c6826122e5
derived	owner-provided:/Users/inxups/Downloads/armor.zip#armor/mithril_chainmail_layer_1.png	textures/entity/equipment/humanoid_baby/mithril_chainmail.png	49b1a726a619e3d1c49102985011157913450ae7679a1959ad26bd9844094dc0
derived	owner-provided:/Users/inxups/Downloads/armor.zip#armor/rusted_iron_1.png	textures/entity/equipment/humanoid_baby/rusted_iron.png	85f91dc91feef8a3dcf3c51cb3a120c07b7e02f7a1249b97ae21858e930508eb
derived	owner-provided:/Users/inxups/Downloads/armor.zip#armor/rusted_iron_chainmail_layer_1.png	textures/entity/equipment/humanoid_baby/rusted_iron_chainmail.png	926e5e5afd5c2a6548a5391c4af4bc094b93a9cc596978afa4d5f727d7619911
derived	owner-provided:/Users/inxups/Downloads/armor.zip#armor/silver_1.png	textures/entity/equipment/humanoid_baby/silver.png	e77d80decc7ce74710e7651ebc07ca588518f8a9a6c4cee17b7a60ba8c3afb30
derived	owner-provided:/Users/inxups/Downloads/armor.zip#armor/silver_chainmail_layer_1.png	textures/entity/equipment/humanoid_baby/silver_chainmail.png	82df0f30e15f33d791b14a178ff9ec3e116a8cb4b07fd33d5056ca567a9b5ec3
derived	owner-provided:/Users/inxups/Downloads/armor.zip#armor/adamantium_2.png	textures/entity/equipment/humanoid_leggings/adamantium.png	26478d148b3556d62cfe1402553052cf619834a2138eb250a2c4bcb9ccaaf151
derived	owner-provided:/Users/inxups/Downloads/armor.zip#armor/adamantium_chainmail_layer_2.png	textures/entity/equipment/humanoid_leggings/adamantium_chainmail.png	a7f00dbf2f45a8f9fadf45b6866b409ce198ed336fa1b409aa38e3ba45fb8586
derived	owner-provided:/Users/inxups/Downloads/armor.zip#armor/ancientmetal_2.png	textures/entity/equipment/humanoid_leggings/ancient_metal.png	f098e165afb259f88fd3039f9d42e94d284fbf3c8439b34bafd484f2f54554c3
derived	owner-provided:/Users/inxups/Downloads/armor.zip#armor/ancientmetal_chainmail_layer_2.png	textures/entity/equipment/humanoid_leggings/ancient_metal_chainmail.png	2d23948ecaecd600193a57fb184f8c37386c879388c6dfa780c00730217a977e
derived	minecraft:textures/entity/equipment/humanoid_leggings/copper.png	textures/entity/equipment/humanoid_leggings/copper.png	b8a66b3d7f6a71dfc004a5cbc15aae844aa58715a366d42e21258db9315e040b
derived	owner-provided:/Users/inxups/Downloads/armor.zip#armor/copper_chainmail_layer_2.png	textures/entity/equipment/humanoid_leggings/copper_chainmail.png	5c5ba901aaca9dc1ecd1d1a3a1b1cf47f257e13bd9f4fd78a448bb95de94e55c
resource-pack	models/armor/gold_layer_2.png	textures/entity/equipment/humanoid_leggings/gold.png	32b776b56eabedccc181398498007349b5a56c83c7d19d23d53fcae9b92a13da
derived	owner-provided:/Users/inxups/Downloads/armor.zip#armor/gold_chainmail_layer_2.png	textures/entity/equipment/humanoid_leggings/gold_chainmail.png	b94bf63cdf48d44f84d0f30f102c054d4996ecdd276247abe78c50716a53e694
derived	owner-provided:/Users/inxups/Downloads/armor.zip#armor/iron_2.png	textures/entity/equipment/humanoid_leggings/iron.png	e7a3b8064b945d042d680ae9e8f789137bd46b69ecc717d009f7e44806554fe5
derived	owner-provided:/Users/inxups/Downloads/armor.zip#armor/chain_2.png	textures/entity/equipment/humanoid_leggings/iron_chainmail.png	7ab5eb325465e67d7da326790aa48c10f16db5260071cc311bb6bcefbfeab21c
resource-pack	models/armor/leather_layer_2.png	textures/entity/equipment/humanoid_leggings/leather.png	4dcf4c820402b04a1983eabc58a8a18abd8bd9d9fb6f4b9152b22f025090621a
resource-pack	models/armor/leather_layer_2_overlay.png	textures/entity/equipment/humanoid_leggings/leather_overlay.png	0ca3517ee2bdf484b5dd6b82bc28caaa4eac81f6b884a5d6985f8cebb0b05cb7
derived	owner-provided:/Users/inxups/Library/Containers/com.tencent.qq/Data/Downloads/textures.rar#textures/entity/equipment/humanoid_leggings/mithril.png	textures/entity/equipment/humanoid_leggings/mithril.png	664d21e8d8400a6f305efc7fb1771c9cd608c341b3c3c58d6f39e5d82170ebb8
derived	owner-provided:/Users/inxups/Downloads/armor.zip#armor/mithril_chainmail_layer_2.png	textures/entity/equipment/humanoid_leggings/mithril_chainmail.png	5d8f52db5f90bdf84171e37ea0c4739a070b49b8cb0339a55f4f90dd17d591c9
derived	owner-provided:/Users/inxups/Downloads/armor.zip#armor/rusted_iron_2.png	textures/entity/equipment/humanoid_leggings/rusted_iron.png	a5b8a7c13e348b0b71f9ed562bba2d8ec9224657639dc1c8d24f470a37135da3
derived	owner-provided:/Users/inxups/Downloads/armor.zip#armor/rusted_iron_chainmail_layer_2.png	textures/entity/equipment/humanoid_leggings/rusted_iron_chainmail.png	f5366d4534cf449c876a5507631b67767b389deb6c7e35cd3d08bce3c8f56e35
derived	owner-provided:/Users/inxups/Downloads/armor.zip#armor/silver_2.png	textures/entity/equipment/humanoid_leggings/silver.png	2fdb8009cc2599943cb3dce14f92ae448c1c82481f436d73c8bce62c44e5ce9b
derived	owner-provided:/Users/inxups/Downloads/armor.zip#armor/silver_chainmail_layer_2.png	textures/entity/equipment/humanoid_leggings/silver_chainmail.png	113c574336414fbc11a0ad65867ea04578782311f569f01c70c309320096080c
resource-pack	entity/fire_elemental.png	textures/entity/fire_elemental.png	d28c616bea287540382ba8320135614eeb776869fc2d12c9b63e3734a35ba124
resource-pack	entity/ghast/ghast.png	textures/entity/ghast/ghast.png	720b7e3b0ee3342f65144d85d5ed05ec95fcdcf13d0b516badd0ea4a9d10045c
resource-pack	entity/ghast/ghast_shooting.png	textures/entity/ghast/ghast_shooting.png	aaa4fa6f30938d4cdf043cef8ec27ad11cdb6f5c70d870e485c38b9165708baa
derived	mite/entity/ghoul.png+expand64x64	textures/entity/ghoul.png	6a30d5dab23b714aab6164433b5c831debc4ec16ca3f26cc272bae71f9361bcd
derived	mite/entity/ghoul.png+baby_uv	textures/entity/ghoul_baby.png	d9cdad77328be072163c1d32cb8fe954db5c161dac7906c86091981cb38ad3fb
derived	owner-provided:/Users/inxups/Library/Containers/com.tencent.qq/Data/Downloads/textures.rar#textures/entity/hellhound/hellhound.png	textures/entity/hellhound/hellhound.png	7a6aa736a21b69a20b95ee1019459d88a78d6abc425b0c8ac1ea4961f8d2554d
derived	26.2/pig/pig_cold.png+mite/pig/sick.png	textures/entity/pig/pig_cold_sick.png	09b6b305bd21bf0ccd9de5783500266c0dd568e9f7a9919da0e393a3bc83e272
derived	26.2/pig/pig_cold_baby.png+mite/pig/sick.png	textures/entity/pig/pig_cold_sick_baby.png	3a66e8adc2697a4f36fe135ef2cf6ce189e8b3e7b7dafb83852a2b150dfc41ac
derived	26.2/pig/pig_temperate.png+mite/pig/sick.png	textures/entity/pig/pig_temperate_sick.png	c5062243c58ffeee4abdc7358e095be6624307d9156ba38c29530386007d906b
derived	26.2/pig/pig_temperate_baby.png+mite/pig/sick.png	textures/entity/pig/pig_temperate_sick_baby.png	091f410ab2de0dd3a393442564290ce8fa3957e511af39bea256fc42414dae87
derived	26.2/pig/pig_warm.png+mite/pig/sick.png	textures/entity/pig/pig_warm_sick.png	10c7fd4dd5b238e56171551dba487959c420c27f573cf1c8d1a260b433975355
derived	26.2/pig/pig_warm_baby.png+mite/pig/sick.png	textures/entity/pig/pig_warm_sick_baby.png	edac1fb2c2971a3a596e7807db7c2c8b2de8107cb763005048674daa446d93f5
derived	mite/entity/shadow.png+expand64x64	textures/entity/shadow.png	eb09fe3585eacf5329b6f2880152e82dc6d8b80e6c6907addee35d065c777114
derived	mite/entity/shadow.png+baby_uv	textures/entity/shadow_baby.png	711afb1522d3ccedea96c26a75394d7ff65958ea6430adbf79446b5871c8bfca
derived	26.2/sheep/sheep.png+mite/sheep/sick.png	textures/entity/sheep/sheep_sick.png	d82ecf73b9f33777489980e33782e88829b60a1a62cb101c8dffe468f4fa7eab
derived	26.2/sheep/sheep_baby.png+mite/sheep/sick.png	textures/entity/sheep/sheep_sick_baby.png	0e92a4aa36b47d34c560f8edbc07b7d8d791609b75bdc0515a89d2592d3e4ad4
resource-pack	entity/silverfish/copperspine.png	textures/entity/silverfish/copperspine.png	2930504ce64af7c28c8d1ad1c8690f08e6ee0bae03a05815bbaa43abee1b320c
resource-pack	entity/silverfish/hoary.png	textures/entity/silverfish/hoary.png	a180679dc9eb0c80efc981fd37350a8f38f93ae9d3067ca07624888f1b748fc6
resource-pack	entity/silverfish/netherspawn.png	textures/entity/silverfish/netherspawn.png	4f997afd0760ab86b02eb1e28e9aa7b5ce23ed7fe1856bce11329c5f0464d717
derived	owner-provided:/Users/inxups/Library/Containers/com.tencent.qq/Data/Downloads/textures.rar#textures/entity/skeleton/bone_lord.png	textures/entity/skeleton/bone_lord.png	bf372c09f1fc7dbbf3f39681a7179bfd724e6b799a9b80c41fbb4b247f457cf5
resource-pack	entity/skeleton/longdead.png	textures/entity/skeleton/longdead.png	530c32a82eda78a6baba154ec77988fdc3c35afa572fea007a9abf07a3c1c519
derived	owner-provided:/Users/inxups/Library/Containers/com.tencent.qq/Data/Downloads/textures.rar#textures/entity/skeleton/longdead_guardian.png	textures/entity/skeleton/longdead_guardian.png	821ff0e2a664701c98201903edad61cd54d1ca7cb0351689e432b3622bd99d91
derived	owner-provided:/Users/inxups/Library/Containers/com.tencent.qq/Data/Downloads/textures.rar#textures/entity/slime/blob.png	textures/entity/slime/blob.png	34e3c9471ad8a417048aa6b31a0d904afc9cecc2d5cba40f3148f0e6f719f66f
derived	owner-provided:/Users/inxups/Library/Containers/com.tencent.qq/Data/Downloads/textures.rar#textures/entity/slime/jelly.png	textures/entity/slime/jelly.png	bcb599bff15518029165ded4677207447231e96eb08353912d66050f3f6604ec
derived	owner-provided:/Users/inxups/Library/Containers/com.tencent.qq/Data/Downloads/textures.rar#textures/entity/slime/magmacube.png	textures/entity/slime/magmacube.png	a45640114edf6384b6b9e395b8ef57d7e1293ba7a54312f5b07c4ec3a69d689e
derived	owner-provided:/Users/inxups/Library/Containers/com.tencent.qq/Data/Downloads/textures.rar#textures/entity/slime/ooze.png	textures/entity/slime/ooze.png	de12606bc175bf85c5a0af429b405c0f286b9146d5e3d8d77bca1264adf04e6f
derived	owner-provided:/Users/inxups/Library/Containers/com.tencent.qq/Data/Downloads/textures.rar#textures/entity/slime/pudding.png	textures/entity/slime/pudding.png	eb3a846abd9be2321aa45af2b8778c85d16d7f9cbe9b90d8f55cac5bcb5be7a5
derived	owner-provided:/Users/inxups/Library/Containers/com.tencent.qq/Data/Downloads/textures.rar#textures/entity/slime/slime.png	textures/entity/slime/slime.png	c724fc4eb07da3e2e10cc4b269d554bfb19271a560e2dbd4b74f71fae050f955
derived	owner-provided:/Users/inxups/Library/Containers/com.tencent.qq/Data/Downloads/textures.rar#textures/entity/spider/black_widow.png	textures/entity/spider/black_widow.png	8d86703d99a063bfe43b2dd71df8752053340b178136bcc7e7f81fa0bb7096fb
derived	owner-provided:/Users/inxups/Library/Containers/com.tencent.qq/Data/Downloads/textures.rar#textures/entity/spider/cave_spider.png	textures/entity/spider/cave_spider.png	02386867edcf8af7d4a205360800991ab6be475dc4c80752c9145efb2699a8ac
derived	owner-provided:/Users/inxups/Library/Containers/com.tencent.qq/Data/Downloads/textures.rar#textures/entity/spider/demon_spider.png	textures/entity/spider/demon_spider.png	e004ce3dad49ae15477a50435119a857bc65a7f989f46e8284dce61fa6e81f52
derived	owner-provided:/Users/inxups/Library/Containers/com.tencent.qq/Data/Downloads/textures.rar#textures/entity/spider/phase_spider.png	textures/entity/spider/phase_spider.png	83ffc5a6885611dd2cff28ed89fc8b678c83f3914872e40b9685e426edf6f2fa
derived	owner-provided:/Users/inxups/Library/Containers/com.tencent.qq/Data/Downloads/textures.rar#textures/entity/spider/spider.png	textures/entity/spider/spider.png	12771d3524ad137812b2a94d52b6943401c5e0a942baa6946e783e822c46c554
derived	owner-provided:/Users/inxups/Library/Containers/com.tencent.qq/Data/Downloads/textures.rar#textures/entity/spider/wood_spider.png	textures/entity/spider/wood_spider.png	d5285130cb0ab6d83f51c94f036f891fd15e2885311888761714cd983a82dcc5
derived	mite/entity/wight.png+expand64x64	textures/entity/wight.png	c04549ad117d8068c5fb15625ee9e80ecdac94077657b01de8d1590159ecd34d
derived	mite/entity/wight.png+baby_uv	textures/entity/wight_baby.png	2ea3920a1c0032710f8f9e2c5852eeae897979dc04840a05bcab8c5123c12c12
derived	owner-provided:/Users/inxups/Library/Containers/com.tencent.qq/Data/Downloads/textures.rar#textures/entity/zombie/revenant.png	textures/entity/zombie/revenant.png	84f0696eed9112938903f41af22728f55c5808c45e2f7a275ecc0b63fb18ee69
derived	owner-provided:/Users/inxups/Library/Containers/com.tencent.qq/Data/Downloads/textures.rar#textures/entity/zombie/revenant_baby.png	textures/entity/zombie/revenant_baby.png	f0324792b26b94efc35fb846e4b3402b13caa41fb9ca39c0b1eb0d9d8083a92a
resource-pack	entity/zombie/zombie_villager.png	textures/entity/zombie/zombie_villager.png	8f295f6799c5372873b6f901d93d180ccb2d87de3e05314b5a60fbf57d49e48c
resource-pack	entity/zombie_pigman.png	textures/entity/zombie_pigman.png	d745f7ced8da24f67f2977f323f6d2241f9cf87086fd6827ad784dde6db81f94
derived	mite/entity/zombie_pigman.png+baby_uv	textures/entity/zombie_pigman_baby.png	cca9ea7bcf48ea2a13fd0c5ddf7f41ad2333361a705ef1605c4143ee9a9cc711
resource-pack	items/arrows/adamantium_arrow.png	textures/item/adamantium_arrow.png	e121003ebce5feb7b0096d13a3b800718e1dc60e2d481c0c3954ecdfb8591852
resource-pack	items/tools/adamantium_axe.png	textures/item/adamantium_axe.png	32e421f3c5934c10b70ddcdca7fbf82312f360101e9a0ffe7036f2893baaaa07
resource-pack	items/tools/adamantium_battle_axe.png	textures/item/adamantium_battle_axe.png	939022c9b684181f78f36c9322ab0a144125a8b52995aeaadc1659d3e1173bfa
resource-pack	items/armor/adamantium_boots.png	textures/item/adamantium_boots.png	13cb2d0cb8882a8621fa3bc7cbee65ea83d8dc90e0b4ae6438d9e0787906fd2b
derived	owner-provided:/Users/inxups/Library/Containers/com.tencent.qq/Data/Downloads/textures.rar#textures/item/adamantium_chain.png	textures/item/adamantium_chain.png	01b634ea35578564abf5f6b6191a9703f71da4a279af76bff40e9cd11489f027
resource-pack	items/armor/adamantium_chainmail_boots.png	textures/item/adamantium_chainmail_boots.png	b061ad00f226a7c25cb05be5617b005fc9c2bbba7523baa168e8354a53a0e6f8
resource-pack	items/armor/adamantium_chainmail_chestplate.png	textures/item/adamantium_chainmail_chestplate.png	cac70138361fdbfd92ed2f00ba0902ff8218ea25ed1a14ddb1d4aa18e1dafe23
resource-pack	items/armor/adamantium_chainmail_helmet.png	textures/item/adamantium_chainmail_helmet.png	a5d80d3c49f0caba83087fbf6744e7cfa912d531aac9d11af8b26fc4ca9eaba3
resource-pack	items/armor/adamantium_chainmail_leggings.png	textures/item/adamantium_chainmail_leggings.png	851229ca8461ff5bf8ec796b34ba3d576db4be1ac6eecce677b57ef782f6f3a0
resource-pack	items/armor/adamantium_chestplate.png	textures/item/adamantium_chestplate.png	3f71c7e3225f4cf5905a2d445c17aaec9094e118d1f31b0a8c9f94c06ba52733
derived	owner-provided:/Users/inxups/Library/Containers/com.tencent.qq/Data/Downloads/textures.rar#textures/item/adamantium_coin.png	textures/item/adamantium_coin.png	6956ecb3dd1b0b34f5235311536639bab549edf3dbf2091875939ef2e58f2501
resource-pack	items/tools/adamantium_dagger.png	textures/item/adamantium_dagger.png	71ed6c93261d082e0bb22d52e137561ac9829b08946ba9c1420ade15b5bfa19e
resource-pack	items/fishing_rods/adamantium_uncast.png	textures/item/adamantium_fishing_rod.png	c326fd30afc595f7013d1e781ad2cdb642716b8b9e696205cc91686a46cbc6af
resource-pack	items/tools/adamantium_hatchet.png	textures/item/adamantium_hatchet.png	6e8c257e775f66d85a6202f3920561825495e0e07deddcfedacb36dac5645287
resource-pack	items/armor/adamantium_helmet.png	textures/item/adamantium_helmet.png	edff0e2a8f5e712aab6ef423b34f8343e258bb7dc6e9cb7170b0d2451e19d220
resource-pack	items/tools/adamantium_hoe.png	textures/item/adamantium_hoe.png	136465ea5476ea4b55169c41f6373a6158dd76748afbd7863219467d3d74f80e
resource-pack	items/armor/horse/adamantium.png	textures/item/adamantium_horse_armor.png	eb36b1b39be7f3ce5537abe00ca87471e580b3be460e1caf467642932d3dc39e
resource-pack	items/ingots/adamantium.png	textures/item/adamantium_ingot.png	b2e1de3cc4473044bb8b58eb30d342f4316ec25099edafd859e09f7617a7abdf
resource-pack	items/armor/adamantium_leggings.png	textures/item/adamantium_leggings.png	5a6d9ce5cdb62a7666849de656d5f9900d4db5840660b9f48d9c41ba17c037ce
resource-pack	items/tools/adamantium_mattock.png	textures/item/adamantium_mattock.png	f838156dde5cb9f790ff34b568056197f5954fd7e25e4af3d65ab81de9bd1c29
resource-pack	items/nuggets/adamantium.png	textures/item/adamantium_nugget.png	a5ee929c3f9a48326b205ebf731036b820c6b2ee19a46d3083af4209bb724341
resource-pack	items/tools/adamantium_pickaxe.png	textures/item/adamantium_pickaxe.png	057b04c57f96ef248d904ad3f4a88986ce3c16319972ab541c995fd81190cf40
resource-pack	items/tools/adamantium_scythe.png	textures/item/adamantium_scythe.png	10300c5db2d431a90dc8ddaa2948235bb4c2591a16c6bee83546ccb6148b8562
resource-pack	items/tools/adamantium_shears.png	textures/item/adamantium_shears.png	2d068d364bc48f4703eb2abf493c942b33aa268daa531f447660ea0e2f50697c
resource-pack	items/tools/adamantium_shovel.png	textures/item/adamantium_shovel.png	12a3d1122d774855d28f78ba1baa4029e6a0fcc9c970712bfe4ae717534d5ae7
resource-pack	items/tools/adamantium_sword.png	textures/item/adamantium_sword.png	9da11a11d13420806ae9aca45cc8e7be51381ef40591ede6d437c6aca920b57d
resource-pack	items/tools/adamantium_war_hammer.png	textures/item/adamantium_war_hammer.png	e68c1a00c573af435e142391298433287c511ec8feb2be4605480858a312cfae
derived	item/spawn_egg/spawn_egg_ancient_bone_lord.png	textures/item/ancient_bone_lord_spawn_egg.png	714c0df00bf7b898bddbd2662edcd0f144134c68e4e71ca8fc2358236ac2f7e4
derived	item/spawn_egg/spawn_egg_ancient_bone_lord.png	textures/item/longdead_guardian_spawn_egg.png	714c0df00bf7b898bddbd2662edcd0f144134c68e4e71ca8fc2358236ac2f7e4
resource-pack	items/arrows/ancient_metal_arrow.png	textures/item/ancient_metal_arrow.png	1b97124b4f8a0a4e5053e08a19188b64784d24e54624cb9c89bbbc70209a2a24
resource-pack	items/tools/ancient_metal_axe.png	textures/item/ancient_metal_axe.png	d6dcdf2e2326b6faadcc3045fa8bea68008aed04d8ce0fc7aff8c772fc052af2
resource-pack	items/tools/ancient_metal_battle_axe.png	textures/item/ancient_metal_battle_axe.png	d1aa5401350c041bde14f2b4a3bfaa849f605ffbbdbfe757ccd612004eaff363
resource-pack	items/armor/ancient_metal_boots.png	textures/item/ancient_metal_boots.png	307749b2a392b05616083e586354f5d3f9c2885cec9c873eff62075caa3bb5d4
resource-pack	items/bows/ancient_metal/standby.png	textures/item/ancient_metal_bow.png	abe106c572b279d620b1334b08753137e75b18f78d2f1f36e209570bfefd6869
resource-pack	items/bows/ancient_metal/adamantium_arrow_0.png	textures/item/ancient_metal_bow/adamantium_0.png	836f6bd39c49c6c260bfa0cb99b6648f055aa8e6876c61688c28ef2b9748ed62
resource-pack	items/bows/ancient_metal/adamantium_arrow_1.png	textures/item/ancient_metal_bow/adamantium_1.png	ebad3698a8ce749d7794ab855c2c34b38f0bcd7ab01c6470b5ba0f99f888ca79
resource-pack	items/bows/ancient_metal/adamantium_arrow_2.png	textures/item/ancient_metal_bow/adamantium_2.png	39bfd31b6e772de516fbc741ff32373732665a3586352f0ead1b4757d225da4a
resource-pack	items/bows/ancient_metal/ancient_metal_arrow_0.png	textures/item/ancient_metal_bow/ancient_metal_0.png	67b302299d6725695a2877d7cea26115466dbf6b00fad9c57687432b45eeebd0
resource-pack	items/bows/ancient_metal/ancient_metal_arrow_1.png	textures/item/ancient_metal_bow/ancient_metal_1.png	d8577eff141e5586792d287a916b27b000a31dfed7da8d6e273bda9ffaa96e0c
resource-pack	items/bows/ancient_metal/ancient_metal_arrow_2.png	textures/item/ancient_metal_bow/ancient_metal_2.png	1b0eae0ad8f3ada829bdb972b35e187e85e47187d4982b48e747197dd3d152a1
resource-pack	items/bows/ancient_metal/copper_arrow_0.png	textures/item/ancient_metal_bow/copper_0.png	bfaa60c41d9cbe5e5ed21bbdeba7741a65b6343d093a8c3418499089aa5a4254
resource-pack	items/bows/ancient_metal/copper_arrow_1.png	textures/item/ancient_metal_bow/copper_1.png	718cf773fbca78a801caf433d53aeb6ef3258648914523110fb6b335a65c8511
resource-pack	items/bows/ancient_metal/copper_arrow_2.png	textures/item/ancient_metal_bow/copper_2.png	7067fcf5c93447376414f057060254d2a520996754c237faf52eafebc59c6308
resource-pack	items/bows/ancient_metal/flint_arrow_0.png	textures/item/ancient_metal_bow/flint_0.png	814b32f4903430f53e995de7c44ff985f82daaf645964e142f41f9aede5424a6
resource-pack	items/bows/ancient_metal/flint_arrow_1.png	textures/item/ancient_metal_bow/flint_1.png	972123b3dcf3c36e268b2aadc276972cf70b517725a06497b675f31ff80f57df
resource-pack	items/bows/ancient_metal/flint_arrow_2.png	textures/item/ancient_metal_bow/flint_2.png	f1033ff0e50d23da93764a398dd8122e17235c125c5483febc12efe744937cb6
resource-pack	items/bows/ancient_metal/gold_arrow_0.png	textures/item/ancient_metal_bow/gold_0.png	d3aeaee77941b42d7bfb52473960e3a4fe35ec82f20dd97d9fbbd0f2052f1803
resource-pack	items/bows/ancient_metal/gold_arrow_1.png	textures/item/ancient_metal_bow/gold_1.png	59a1118c6438d44fbf83f798d51c1752913d3dce5a2475bb3e2495b60f109a7f
resource-pack	items/bows/ancient_metal/gold_arrow_2.png	textures/item/ancient_metal_bow/gold_2.png	3d4b3c348c23fd0aff2252069a64b3afcee73dd63748c5b14caad7b21b35ab2a
resource-pack	items/bows/ancient_metal/iron_arrow_0.png	textures/item/ancient_metal_bow/iron_0.png	159c9f7aef7b70a3bbc5dcb35d17c2c4669a4f0c69b25d22b0b1d36b12c74b13
resource-pack	items/bows/ancient_metal/iron_arrow_1.png	textures/item/ancient_metal_bow/iron_1.png	b17f8904d7c486d625b630af4a44147eec2db97aa57027d62eb0582c340501a0
resource-pack	items/bows/ancient_metal/iron_arrow_2.png	textures/item/ancient_metal_bow/iron_2.png	cba6affecbe02e99ed17e089c5420feee394887197752f90311cde0d549f91af
resource-pack	items/bows/ancient_metal/mithril_arrow_0.png	textures/item/ancient_metal_bow/mithril_0.png	3463b0a470f0290751168071677d0c0490e4596f3e7c6bd53bcaae7a2119d5b0
resource-pack	items/bows/ancient_metal/mithril_arrow_1.png	textures/item/ancient_metal_bow/mithril_1.png	35608f0ed85897323e398819f45a95164fafa60e0d3f3169917dca708c2a21d7
resource-pack	items/bows/ancient_metal/mithril_arrow_2.png	textures/item/ancient_metal_bow/mithril_2.png	61547788620f6d1566446cdf0b85fe5e45766c095f80843601853348d35c5b6d
resource-pack	items/bows/ancient_metal/obsidian_arrow_0.png	textures/item/ancient_metal_bow/obsidian_0.png	c35385cde3905f052a241560b2068e9fdc1ba7eb792ddc16c92e979c5c7bc9ff
resource-pack	items/bows/ancient_metal/obsidian_arrow_1.png	textures/item/ancient_metal_bow/obsidian_1.png	37ed204853849330b0d2141869feef8661631c7cc04d29d541a7cb496625bc89
resource-pack	items/bows/ancient_metal/obsidian_arrow_2.png	textures/item/ancient_metal_bow/obsidian_2.png	3396c0e0874c61ea992ccbf36d8639b6d78a6b3feaa6743a7c6764d99b92a89c
resource-pack	items/bows/ancient_metal/rusted_iron_arrow_0.png	textures/item/ancient_metal_bow/rusted_iron_0.png	68ee435af8243f1f9562a53abd9861691fd263049e50e1c7b81a5b9d7e3ffebb
resource-pack	items/bows/ancient_metal/rusted_iron_arrow_1.png	textures/item/ancient_metal_bow/rusted_iron_1.png	619ff3cb4cb17dd86ff9d1fb3b83c925cbf513ed55cbb85c5379f81940bb1191
resource-pack	items/bows/ancient_metal/rusted_iron_arrow_2.png	textures/item/ancient_metal_bow/rusted_iron_2.png	c5e808f9f7574b196b10a8a0c01f106497aeec40a6fe2dadbb643e8e8f6a0f2d
resource-pack	items/bows/ancient_metal/silver_arrow_0.png	textures/item/ancient_metal_bow/silver_0.png	171b70b727d2d8e03388c61b8239be48301e22584bb834e98a614f37bd6a76c0
resource-pack	items/bows/ancient_metal/silver_arrow_1.png	textures/item/ancient_metal_bow/silver_1.png	d58a3623277ebb67ecc500df81c46bb1e51301e73682e82f22f20f26bcd1789f
resource-pack	items/bows/ancient_metal/silver_arrow_2.png	textures/item/ancient_metal_bow/silver_2.png	9c87ff80061ea93cdc38f0fd239bc02ba51f203b4ebec50421e0c3e995678882
derived	owner-provided:/Users/inxups/Library/Containers/com.tencent.qq/Data/Downloads/textures.rar#textures/item/ancient_metal_chain.png	textures/item/ancient_metal_chain.png	2ef908972d58504812db7e52545b4b2f1dbd718e0b47973207c73cec8524fc0f
resource-pack	items/armor/ancient_metal_chainmail_boots.png	textures/item/ancient_metal_chainmail_boots.png	894c35c4b8e27b5c5f9e4c52ab5d39a9dc862403f480009eca12061b6f897c30
resource-pack	items/armor/ancient_metal_chainmail_chestplate.png	textures/item/ancient_metal_chainmail_chestplate.png	0712cad2955ed9aeb3409696c2b993268f490aa92bca9b346fcffb91c02b04ba
resource-pack	items/armor/ancient_metal_chainmail_helmet.png	textures/item/ancient_metal_chainmail_helmet.png	b0fb70f69602109ed7540b87920328b09e03e3ea08fb8aec25483f958fae21f9
resource-pack	items/armor/ancient_metal_chainmail_leggings.png	textures/item/ancient_metal_chainmail_leggings.png	3e8c7676f9bfe5f9cb6aabfab94f08ad09bc0e1e7c05bed304a9077508d36882
resource-pack	items/armor/ancient_metal_chestplate.png	textures/item/ancient_metal_chestplate.png	78312036e96c90ed28875e45b0a46e35d991411b75a800c395709cc200a10f2a
derived	owner-provided:/Users/inxups/Library/Containers/com.tencent.qq/Data/Downloads/textures.rar#textures/item/ancient_metal_coin.png	textures/item/ancient_metal_coin.png	8f8f9e3fcbf83f4147c08fc76ae2a381a04b393bce6f19615a0d692aa615710e
resource-pack	items/tools/ancient_metal_dagger.png	textures/item/ancient_metal_dagger.png	0f369eaa3754060d0bbb51e74a441eb31240d1456296afd919c9deddf4001e04
resource-pack	items/fishing_rods/ancient_metal_uncast.png	textures/item/ancient_metal_fishing_rod.png	0335c9e5e8b9e12891ac101a36597fcb2a760e8a5717c0ce46ab769f85430273
resource-pack	items/tools/ancient_metal_hatchet.png	textures/item/ancient_metal_hatchet.png	e5415b0cf4b87b0f08c6bb4a444b86ba3e8f55b19604e1263836b1cbc2b47796
resource-pack	items/armor/ancient_metal_helmet.png	textures/item/ancient_metal_helmet.png	f96c2aeca393cdcf4b8bac08458765118f41788bdbdcbc831d209de0220d500a
resource-pack	items/tools/ancient_metal_hoe.png	textures/item/ancient_metal_hoe.png	628b7fac61176ec1b92e94313f29af30e29228de79f7ad9aa233a836b1d7ee64
resource-pack	items/armor/horse/ancient_metal.png	textures/item/ancient_metal_horse_armor.png	5a07eb19de0988d585c55281871a0ac75c342a1b84598af7aec8d8dcaa57d425
resource-pack	items/ingots/ancient_metal.png	textures/item/ancient_metal_ingot.png	9c7244ca3a538460b20de71882d8c33371f8007cae6a463e49e3687001f981c8
resource-pack	items/armor/ancient_metal_leggings.png	textures/item/ancient_metal_leggings.png	2713ae8eaf33023b98f5687fc88bf027075b0131ef3c064ae7fede7f9cee3941
resource-pack	items/tools/ancient_metal_mattock.png	textures/item/ancient_metal_mattock.png	2639f794a49dc8c9200ce1e06ef6b564151589339a3a9b44ae5d681729ee0972
resource-pack	items/nuggets/ancient_metal.png	textures/item/ancient_metal_nugget.png	ba92521cef2a1bfdaf1b1643d7f20cd11da2366c5c93b70931bcff01dd36f289
resource-pack	items/tools/ancient_metal_pickaxe.png	textures/item/ancient_metal_pickaxe.png	b2fdc796311cf9c690aa046c535d40f278efd8ed3f682d6998ceab1f09fcdbf1
resource-pack	items/tools/ancient_metal_scythe.png	textures/item/ancient_metal_scythe.png	fd5f93fdab5ba021934bff51633a4c6e479116c25645375e2a9903fcefa6cafb
resource-pack	items/tools/ancient_metal_shears.png	textures/item/ancient_metal_shears.png	e217f414a24ee256a933310714d4345875e69a900e22ccb41d80f78bd5a1f46c
resource-pack	items/tools/ancient_metal_shovel.png	textures/item/ancient_metal_shovel.png	085fb9b9bcda7d879acedddaec9d1111eb6b09cfed6b5630e4b21fbcd2164fc9
resource-pack	items/tools/ancient_metal_sword.png	textures/item/ancient_metal_sword.png	3cd6b03cbb2350f5b8a9276748b862d9991dbe647276c7897937f2a06680ce9b
resource-pack	items/tools/ancient_metal_war_hammer.png	textures/item/ancient_metal_war_hammer.png	6620b25e78252fe9a6f6a46a20824a3633bd88fbce4ebd72686f07760a50a140
derived	owner-provided:/Users/inxups/Library/Containers/com.tencent.qq/Data/Downloads/textures.rar#textures/item/axolotl_adamantium_bucket.png	textures/item/axolotl_adamantium_bucket.png	c29a92599f18bed34ba46926d0e25c68419f9fcae710d6777cdbb1e9698b9c7d
derived	owner-provided:/Users/inxups/Library/Containers/com.tencent.qq/Data/Downloads/textures.rar#textures/item/axolotl_ancient_metal_bucket.png	textures/item/axolotl_ancient_metal_bucket.png	2dd94f109477a236eb91e1ee2ecc50f62dadffc0183225404973d8fc6dc83a86
derived	owner-provided:/Users/inxups/Library/Containers/com.tencent.qq/Data/Downloads/textures.rar#textures/item/axolotl_copper_bucket.png	textures/item/axolotl_copper_bucket.png	536e04c570ce3309575d39471568adcfc19447409558603fe1cbcba3c27ef3b7
derived	owner-provided:/Users/inxups/Library/Containers/com.tencent.qq/Data/Downloads/textures.rar#textures/item/axolotl_gold_bucket.png	textures/item/axolotl_gold_bucket.png	3e93bab1e3b4095b84f4e7db30b66ec3ac73ab2dc0c2ebc79ff7dc9709cf863f
derived	owner-provided:/Users/inxups/Documents/resource/axolotl_iron_bucket.png	textures/item/axolotl_iron_bucket.png	b7ae5eada4a61b7304e10f2d31421405c86e6d844ef9f9ba03a8c627a588cc39
derived	owner-provided:/Users/inxups/Library/Containers/com.tencent.qq/Data/Downloads/textures.rar#textures/item/axolotl_mithril_bucket.png	textures/item/axolotl_mithril_bucket.png	d97272e06f8a2bd0297718b7b37b67823f61bda479f1ddc2e7458ea257461022
derived	owner-provided:/Users/inxups/Library/Containers/com.tencent.qq/Data/Downloads/textures.rar#textures/item/axolotl_silver_bucket.png	textures/item/axolotl_silver_bucket.png	84766d57e65a906d3ac36a7e6c49abc76fc56b3e622c40152ff68b490c71251b
resource-pack	items/food/banana.png	textures/item/banana.png	f365c6bb99918e527a7f03637144922543257b3c41c29b92eb44ad012bd2e320
resource-pack	items/bowls/beef_stew.png	textures/item/beef_stew.png	0dc745d8caff67250a152e770d41c38b7a348b0a577505a10f4066674edd6434
derived	owner-provided:/Users/inxups/Library/Containers/com.tencent.qq/Data/Downloads/textures.rar#textures/item/black_widow_spider_spawn_egg.png	textures/item/black_widow_spider_spawn_egg.png	2c8f7a9c35fb65a1a110f9e14889769810f46f8e1f4083ba4a1cfd8f7f9beff5
derived	item/spawn_egg/spawn_egg_blob.png	textures/item/blob_spawn_egg.png	4dc66df7e56dbd5514ef5a2d08f67e09f8bf9eeee50f62b98d92d5dd27662de6
resource-pack	items/food/blueberries.png	textures/item/blueberries.png	b3134ab9851f04f5c1b5a460ec2ada966f0e9007bdbc8d51c1911102a412faf9
resource-pack	items/bowls/porridge.png	textures/item/blueberry_porridge.png	09371505efba7b3913ae1edd8a20f34f3e8eff0e106aeda3f1173cecaef485ca
derived	item/spawn_egg/spawn_egg_bone_lord.png	textures/item/bone_lord_spawn_egg.png	72c13d048038e8844731f8d3c062a813b3324fae4aa97171b2bd3f7c27e23b24
resource-pack	items/bowls/cereal.png	textures/item/cereal_porridge.png	f31e49d69ff571174c5697b5eeef5e4c2519e186d3da174218ff939159e27b8c
resource-pack	items/food/cheese.png	textures/item/cheese.png	1e2c2f2c8c11dcd1c91643fcb27c167fccfee62a18ba9c9a0d3d2957059dbe8a
derived	owner-provided:/Users/inxups/Library/Containers/com.tencent.qq/Data/Downloads/textures.rar#textures/item/chicken_soup.png	textures/item/chicken_soup.png	e14d22465b2ca21780486defb577e21b52b8280e5de94d70279aad1d8ba62bf5
resource-pack	items/food/chocolate.png	textures/item/chocolate.png	f08a81c9afc5a1f1914bc0583804565ffc76ce47814152605317325130703961
derived	item/spawn_egg/spawn_egg_earth_element_clay.png	textures/item/clay_golem_spawn_egg.png	187c4310e89a0d7e6a35059af8fc29919c4a15be79a96db19ed5af4ac70ad0d7
derived	owner-provided:/Users/inxups/Library/Containers/com.tencent.qq/Data/Downloads/textures.rar#textures/item/cod_adamantium_bucket.png	textures/item/cod_adamantium_bucket.png	5f57f7ed3fd676d1d49ff7679bcd81a414d0a22a8ad44c205b849b9087f5dbc1
derived	owner-provided:/Users/inxups/Library/Containers/com.tencent.qq/Data/Downloads/textures.rar#textures/item/cod_ancient_metal_bucket.png	textures/item/cod_ancient_metal_bucket.png	019d786d3c24fe8bb7a5602a64bee9b626dbf9f25d8affc7a0aee4ec669d4345
derived	owner-provided:/Users/inxups/Library/Containers/com.tencent.qq/Data/Downloads/textures.rar#textures/item/cod_copper_bucket.png	textures/item/cod_copper_bucket.png	386cf53c7a0c21b6fed56721a92120803cd72f634ffa32a89ba1351684b6fa33
derived	owner-provided:/Users/inxups/Library/Containers/com.tencent.qq/Data/Downloads/textures.rar#textures/item/cod_gold_bucket.png	textures/item/cod_gold_bucket.png	0a0018fbfff741480e604fd5e555456919144f665a4b30c6e7228cfd37726d51
derived	owner-provided:/Users/inxups/Documents/resource/cod_iron_bucket.png	textures/item/cod_iron_bucket.png	60a9756845d96feae0fffa668046c2bbdb3400bb140c7ab138c3178435b80800
derived	owner-provided:/Users/inxups/Library/Containers/com.tencent.qq/Data/Downloads/textures.rar#textures/item/cod_mithril_bucket.png	textures/item/cod_mithril_bucket.png	3ed2f47d44bf695cc5a0c3566bf6ea4147c92147946c6e80bf1db5892be5724f
derived	owner-provided:/Users/inxups/Library/Containers/com.tencent.qq/Data/Downloads/textures.rar#textures/item/cod_silver_bucket.png	textures/item/cod_silver_bucket.png	5f1ccecadf38c0e13dec74e091ff4e39b64882da6d5843bdcd2737a79b016fb0
resource-pack	items/food/worm_cooked.png	textures/item/cooked_worm.png	a9b37ffec820916ce945d034b2bbdad8b1474a384fd23a52dbaaafaaefaf76bb
derived	owner-provided:/Users/inxups/Library/Containers/com.tencent.qq/Data/Downloads/textures.rar#textures/item/copper_arrow.png	textures/item/copper_arrow.png	1bc8d1067c25144c46742aaa8a2b9cbc65dace9914dcafa0ef04bff77f40781b
derived	minecraft:textures/item/copper_axe.png	textures/item/copper_axe.png	8c699e57325bb3b8d1c0b184af9a71978a6dfec5abcd3290603dc779c70542f3
derived	owner-provided:/Users/inxups/Library/Containers/com.tencent.qq/Data/Downloads/textures.rar#textures/item/copper_battle_axe.png	textures/item/copper_battle_axe.png	2dd8ec84cfc2cb8f4dbd007e5095779a9d7356df4f082bf0c19cc67cbf7d6572
derived	minecraft:textures/item/copper_boots.png	textures/item/copper_boots.png	ec8de55067ad02a5fd06213d19cb5ab4c2f78982379bd6608c56b5cce5dce9aa
derived	owner-provided:/Users/inxups/Library/Containers/com.tencent.qq/Data/Downloads/textures.rar#textures/item/copper_chain.png	textures/item/copper_chain.png	722da769a14e99b2071934537361d3d605830dd48e0df500d0dcdbbceb25e22b
derived	owner-provided:/Users/inxups/Library/Containers/com.tencent.qq/Data/Downloads/textures.rar#textures/item/copper_chainmail_boots.png	textures/item/copper_chainmail_boots.png	24ac409ab0022a55f501fce91d0d3554a55145ad0ccdb43c38da0601fb6d3413
derived	owner-provided:/Users/inxups/Library/Containers/com.tencent.qq/Data/Downloads/textures.rar#textures/item/copper_chainmail_chestplate.png	textures/item/copper_chainmail_chestplate.png	3ca13ad3f1495c2191737767a59a4f1febdcbd937c2b7bc84dc629620918f295
derived	owner-provided:/Users/inxups/Library/Containers/com.tencent.qq/Data/Downloads/textures.rar#textures/item/copper_chainmail_helmet.png	textures/item/copper_chainmail_helmet.png	4645fa8257c886296c278017c7e24f44c46f4a156f20ca546b1cc278534013b8
derived	owner-provided:/Users/inxups/Library/Containers/com.tencent.qq/Data/Downloads/textures.rar#textures/item/copper_chainmail_leggings.png	textures/item/copper_chainmail_leggings.png	ab8734cb3921711a40617b09ff6527dfa90697cc8e802ebf50a68b592ae894c8
derived	minecraft:textures/item/copper_chestplate.png	textures/item/copper_chestplate.png	fede7c1a2475390ca23afce3ad20a7a8008d7c0a5aa1e32cde744a0c42eb8a75
derived	owner-provided:/Users/inxups/Library/Containers/com.tencent.qq/Data/Downloads/textures.rar#textures/item/copper_coin.png	textures/item/copper_coin.png	ef9dbcfaacbf91c6d336e8e4aebb50d3855176cdebd1e1da64cdaf90a466b951
derived	owner-provided:/Users/inxups/Library/Containers/com.tencent.qq/Data/Downloads/textures.rar#textures/item/copper_dagger.png	textures/item/copper_dagger.png	feb0e216429e4121a15d8998629f2bcf33fd8a6e03b417bd06b20f738ad776d4
derived	owner-provided:/Users/inxups/Library/Containers/com.tencent.qq/Data/Downloads/textures.rar#textures/item/copper_fishing_rod.png	textures/item/copper_fishing_rod.png	19df5b0342d5bf34e6c3b73e17cb5d479936cbbdd4069f0bb82e588fe857f0ae
derived	owner-provided:/Users/inxups/Library/Containers/com.tencent.qq/Data/Downloads/textures.rar#textures/item/copper_hatchet.png	textures/item/copper_hatchet.png	b7382c8fbe4e6e539a74dce23750366fadd1f2cc70f771a795549eaf00c50103
derived	minecraft:textures/item/copper_helmet.png	textures/item/copper_helmet.png	71a338903ac5e50527daf24fc41b3d60480d773c5213551e9deefcada442d4ea
derived	minecraft:textures/item/copper_hoe.png	textures/item/copper_hoe.png	3abaeab0886aafe846aebb5f3197aa9da295b2e698fb41b746b7dcde477a3786
derived	minecraft:textures/item/copper_horse_armor.png	textures/item/copper_horse_armor.png	dc7c92cb454fcb0baee75f4507cfa0bf06c233a97d684d07b5b39bf57aa610ea
derived	minecraft:textures/item/copper_leggings.png	textures/item/copper_leggings.png	98096be03f3c21fead51d94a4c1696c8cde2da9ecebd11f5cd48a02136fd84fd
derived	owner-provided:/Users/inxups/Library/Containers/com.tencent.qq/Data/Downloads/textures.rar#textures/item/copper_mattock.png	textures/item/copper_mattock.png	d9d0d647075e4c70093305d8d6f2add556ef19f200b232c2e6d5ed44d476bbfe
derived	minecraft:textures/item/copper_pickaxe.png	textures/item/copper_pickaxe.png	8b6bb9d584776bb5bde28247d909901d0b36cf10105185bee78d5955071744da
derived	owner-provided:/Users/inxups/Library/Containers/com.tencent.qq/Data/Downloads/textures.rar#textures/item/copper_scythe.png	textures/item/copper_scythe.png	6e18b43930d526f356a2f17e4867055030ece440195cf4a6b91b9cc38cd8687a
resource-pack	items/tools/copper_shears.png	textures/item/copper_shears.png	2c042f8400f7aae9f2e04972902e8b5fb44ed94508c9863bf04a5ab342bdcca1
derived	minecraft:textures/item/copper_shovel.png	textures/item/copper_shovel.png	e2d56eb3540cb04d4ca5d71f05bbf2a5dcab744b787220afc850499b72699c09
derived	minecraft:textures/item/copper_sword.png	textures/item/copper_sword.png	f02e82444b6d9450e0c311a056ebf882f80363b70bf01eeb69a4ed4465e96550
derived	owner-provided:/Users/inxups/Library/Containers/com.tencent.qq/Data/Downloads/textures.rar#textures/item/copper_war_hammer.png	textures/item/copper_war_hammer.png	af4aefb9f579929ff6568da6d1dab4b07f53a638894b2e2f788bc4cbee94ffcb
derived	item/spawn_egg/spawn_egg_copper_silverfish.png	textures/item/copperspine_spawn_egg.png	f410863774e48f62d9b97f9a6228d4379192389dc391739050c3427237b2aaf5
resource-pack	items/bowls/cream_of_mushroom_soup.png	textures/item/cream_of_mushroom_soup.png	62c7c82548df050af5c1bb0274d388e8653fe5d5a63ba035dd97c14c822f78a0
resource-pack	items/bowls/cream_of_vegetable_soup.png	textures/item/cream_of_vegetable_soup.png	143ecaddc44ff67778d503a994e0fe3f896a97fde62a7472f7eea8fe5ca764d9
derived	item/spawn_egg/spawn_egg_demon_spider.png	textures/item/demon_spider_spawn_egg.png	02af52e49c35d81e5c573369c94b33ac6bfe3130f0719f0b16f71a616647b371
resource-pack	items/shards/diamond.png	textures/item/diamond_shard.png	182719d9415fd202d4d6c8b635d0cc044a3625148dc2a002feb3132ffc5a1480
derived	item/spawn_egg/spawn_egg_dire_wolf.png	textures/item/dire_wolf_spawn_egg.png	4f669bd0bb8b1ee9052a3053e5f429867a419fbc30a5bc4c5f005aa6fd977242
resource-pack	items/food/dough.png	textures/item/dough.png	d3a895e9c5879e699358cc6adfdd8238cdf63fb33cf49660f3237c6bb20a0965
derived	item/spawn_egg/spawn_egg_earth_element_clay.png	textures/item/earth_elemental_spawn_egg.png	08727a12d4b937b0e508259417454c2790aa6d32f0f24de2de8e84fe3c8493a6
resource-pack	items/shards/emerald.png	textures/item/emerald_shard.png	9519f79da479b8fcb95d71b4cd5592cf9f6298800f60b4b47f190e6184f26333
derived	item/spawn_egg/spawn_egg_fire_element.png	textures/item/fire_elemental_spawn_egg.png	6d4a26cc890380485319c2ad7d8720ae7b244c40e255680c9b897c802cc1eafe
derived	minecraft:textures/item/fishing_rod_cast.png	textures/item/fishing_rod_cast.png	98917738534b798318fde244e0e755bb6a7c07ee8a0d08edce9c7d1bef710b70
resource-pack	items/arrows/flint_arrow.png	textures/item/flint_arrow.png	c385555e65f506477549bc875160ed83ebb8b2259ee6e2f08d9738ef380ed4bc
resource-pack	items/tools/flint_axe.png	textures/item/flint_axe.png	ea3307a4d8b6a072a9ce66ac3825decf70afd125249f6ef00b12f3258b2929ab
resource-pack	items/shards/flint.png	textures/item/flint_chip.png	dce24ee5ded8e6bcf15d1b9adda143789cbca955e1c2055addd3c25f4c3a53cd
resource-pack	items/fishing_rods/flint_uncast.png	textures/item/flint_fishing_rod.png	0a4dc775554adb50fa5c6382809138bb33ec4a48b1c6c9c34c47d8266f157354
resource-pack	items/tools/flint_hatchet.png	textures/item/flint_hatchet.png	f43c8e6f84dd4736e53292ecd19f7238c2d5a9fc07d8fec37638d685f1aff655
resource-pack	items/tools/flint_knife.png	textures/item/flint_knife.png	7dd9ad78caad0f4d845d617436e0e5d06716479e641ee4b9c6411e1ea4363dea
resource-pack	items/tools/flint_shovel.png	textures/item/flint_shovel.png	475a888d96daa637dc2ff6ca4e44c5faea2c14d8e085bbe70e4bd41a17149d90
resource-pack	items/food/flour.png	textures/item/flour.png	f8c6bedb2b2ac94a1f014d068f083e19a772a3bc7cb574915fd3690982f317b7
derived	owner-provided:/Users/inxups/Library/Containers/com.tencent.qq/Data/Downloads/textures.rar#textures/item/fruit_ice.png	textures/item/fruit_ice.png	9d2e501fb9507f08be844f667771c57122b3a83228b43ce1a78e67862573238e
derived	owner-provided:/Users/inxups/Library/Containers/com.tencent.qq/Data/Downloads/textures.rar#textures/item/gelatinous_sphere/black.png	textures/item/gelatinous_sphere/black.png	ab6416898104a96aef3bdd1d950733e9e0c55c182338091afd803a874a5c7229
derived	owner-provided:/Users/inxups/Library/Containers/com.tencent.qq/Data/Downloads/textures.rar#textures/item/gelatinous_sphere/crimson.png	textures/item/gelatinous_sphere/crimson.png	f5a0e07465d77bf2ba5841d8e3b13b62b5f89b59d895025c802a13952252c50e
derived	owner-provided:/Users/inxups/Library/Containers/com.tencent.qq/Data/Downloads/textures.rar#textures/item/gelatinous_sphere/gray.png	textures/item/gelatinous_sphere/gray.png	e36971ed739bf98e74f72a814ec1c0e6ee4ce37788cf11c3c2b3472530abfe77
derived	owner-provided:/Users/inxups/Library/Containers/com.tencent.qq/Data/Downloads/textures.rar#textures/item/gelatinous_sphere/green.png	textures/item/gelatinous_sphere/green.png	b49b177b24496ff1581d90c915a1c0440245e7ce026aaafee0cbacfa44fec790
derived	owner-provided:/Users/inxups/Library/Containers/com.tencent.qq/Data/Downloads/textures.rar#textures/item/gelatinous_sphere/ochre.png	textures/item/gelatinous_sphere/ochre.png	52dace9d451fd478bc978dfd9f13997ba33a161c90d767ca935227b35d2a607e
derived	item/spawn_egg/spawn_egg_ghoul.png	textures/item/ghoul_spawn_egg.png	96a68f3fe03bfbafc8a459e2eb2f24bb6d2a63ee686939f36d17346695ae6a28
derived	26.2/item/bat_spawn_egg.png	textures/item/giant_vampire_bat_spawn_egg.png	91010312974505425a7448a9533af2c273aa49976a838f983239e15d9000caa0
resource-pack	items/shards/glass.png	textures/item/glass_shard.png	01f9b8ee151f23e214d1d68108fbd650423ed53a78059eb3299625f2940fd26b
resource-pack	items/arrows/gold_arrow.png	textures/item/gold_arrow.png	8821ff1c098d6723e8d6d6c87a8bbd9bdbcb1f16cf8400e501e9b6b3c64236b7
derived	minecraft:textures/item/golden_axe.png	textures/item/gold_axe.png	10fd193bd09d53ed497ccf3e60e3aa06c504dd580d40a03bacaa03ac71b2d80b
resource-pack	items/tools/gold_battle_axe.png	textures/item/gold_battle_axe.png	717458215da8fbc71df496d3725fa2e9b53a42b5a1c4f3aa814853e96b362918
resource-pack	items/armor/gold_boots.png	textures/item/gold_boots.png	4b7571b2b480059c0b8845858258913468f57921a150d42f90774af077bf21ba
derived	owner-provided:/Users/inxups/Library/Containers/com.tencent.qq/Data/Downloads/textures.rar#textures/item/gold_chain.png	textures/item/gold_chain.png	8186c1d25aadae6d780a038902a0c9b3a195618c3a3afa9e8b8d680ec8fa9a62
resource-pack	items/armor/gold_chainmail_boots.png	textures/item/gold_chainmail_boots.png	538269ddc5b20534ea00a99dcf5c4d1c7092754fe2e3607ad2f71ea11bb937d4
resource-pack	items/armor/gold_chainmail_chestplate.png	textures/item/gold_chainmail_chestplate.png	bd9734e6942df1ddf7a9d65ac57fd37ddd475305e01f3f0643431862cbd02435
resource-pack	items/armor/gold_chainmail_helmet.png	textures/item/gold_chainmail_helmet.png	d39ac5b03de2fac86d7835ed849f320989d0f5d0aaacb235ebeabb3f9f80d058
resource-pack	items/armor/gold_chainmail_leggings.png	textures/item/gold_chainmail_leggings.png	07a4120b2ab1716c5e4f63c78d161b6393687e78114b66882bc051763b8d9d5a
resource-pack	items/armor/gold_chestplate.png	textures/item/gold_chestplate.png	8cf8c26d8114411b28d8821c4d37949b2dc23b65ecf22975236e7e2ea308ce3e
derived	owner-provided:/Users/inxups/Library/Containers/com.tencent.qq/Data/Downloads/textures.rar#textures/item/gold_coin.png	textures/item/gold_coin.png	db8d2a90cd2cf2599e8df562e6ae24768c6ba48ea06eb5c26dd782902de78d54
resource-pack	items/tools/gold_dagger.png	textures/item/gold_dagger.png	da72a6065fc38ff658d0362ccf0f89985c5be5407f2bbd1c24702f42bec0a4b1
resource-pack	items/fishing_rods/gold_uncast.png	textures/item/gold_fishing_rod.png	a92082b0f82d48b288425c238e92316433f82b26aeb956b32ad2a064930e292e
resource-pack	items/carrot_on_a_stick.png	textures/item/carrot_on_a_stick.png	a1477ac3abf72fdd78f0940d20cf0700e23aaf987960f3cce2f47ceede043fcd
resource-pack	items/tools/gold_hatchet.png	textures/item/gold_hatchet.png	61eef6cb6ea3581aa7a8bb175c44d9b8d4a72618690e4ff93dda323761e96dc4
resource-pack	items/armor/gold_helmet.png	textures/item/gold_helmet.png	8ae45e17781348267aa32b03e7e4f8c828d1f62b2b9a3f4216b04b6932f73868
derived	minecraft:textures/item/golden_hoe.png	textures/item/gold_hoe.png	f58876620206ce0ce456bdebaa587817cd71fde70a2507118ea581d229dc1a62
derived	minecraft:textures/item/golden_horse_armor.png	textures/item/gold_horse_armor.png	f921a3a1a1479ef3d42a12ae6efe1ae6db11dab5fe6dc8ca2a8a093184fed160
resource-pack	items/armor/gold_leggings.png	textures/item/gold_leggings.png	158ea37cf5d31214ffc3a0c57f34451e08f97aedeea16d2f90dff7e666ec67e9
resource-pack	items/tools/gold_mattock.png	textures/item/gold_mattock.png	65e3052e5a30541e79c74b6f24fc70daf7e61a769436f412df7df86b847e9210
derived	minecraft:textures/item/golden_pickaxe.png	textures/item/gold_pickaxe.png	d4ae65e1b351ed9b960b625501ab193324c773cf43d7663a6ca61dbb637fa9b0
resource-pack	items/tools/gold_scythe.png	textures/item/gold_scythe.png	d93883cff084e1f183648d5a0d6961d5c00260f0196fafbf8b3a86ed2dd0ebd5
resource-pack	items/tools/gold_shears.png	textures/item/gold_shears.png	12425ef13dc65ae2ab4064c7dff1ab96caab9af40ff5fe4f8b20704fa8a281d3
derived	minecraft:textures/item/golden_shovel.png	textures/item/gold_shovel.png	1dd289fc552ec20ce9217a8a06edb7862c337a8fcccb3777ce740c9d152f0e77
derived	minecraft:textures/item/golden_sword.png	textures/item/gold_sword.png	fe02861c6a870269a16432a867b67e09cf8a417a56d060e053c921ffaf4aa988
resource-pack	items/tools/gold_war_hammer.png	textures/item/gold_war_hammer.png	c1b1d86bd7e4f02162ae21f5f2968a8fa11d4dfd4b0d68e62f97d57c989ba686
derived	item/spawn_egg/spawn_egg_hellhound.png	textures/item/hellhound_spawn_egg.png	9b605bf98d7b05831d68809108dbae1efaf78dc8eaaba849458c490564a9fc70
derived	item/spawn_egg/spawn_egg_hoary_silverfish.png	textures/item/hoary_silverfish_spawn_egg.png	60faa93c2d9576a5731e7c69f2c23354d4ff3072cf9c41aa321b7c4ee8407888
resource-pack	items/bowls/ice_cream.png	textures/item/ice_cream.png	52141d720382253cef3da7f40ce76d81634d0304bb5f795f51111a8faf105c8b
derived	item/spawn_egg/spawn_egg_infernal_creeper.png	textures/item/infernal_creeper_spawn_egg.png	8254f32df67e26a53bf59890557bd0fe0fd165920041d900544e74c652bcd70c
derived	item/spawn_egg/spawn_egg_invisible_stalker.png	textures/item/invisible_stalker_spawn_egg.png	860d0977eb7282b098dcb1ccf66c203a49257bcbfe9e709a875761673471faa6
resource-pack	items/arrows/iron_arrow.png	textures/item/iron_arrow.png	fb5524edcfaa902b16981675b19b6feb6d3f4fa93b28c6eee27b37b18c0fe651
derived	minecraft:textures/item/iron_axe.png	textures/item/iron_axe.png	8dea40bac06c6f14bb0ad9e8b47de63250f6d6a46ae9439b85ddd1377f1edb49
resource-pack	items/tools/iron_battle_axe.png	textures/item/iron_battle_axe.png	0c89576bfdd9f8c388241a6600bb75bd5c2df599303430f6bcab351c5c10c596
resource-pack	items/iron_boots.png	textures/item/iron_boots.png	e4a500c023d7a54a63810b97187de55503960298a225bd64f68e18253e408a14
derived	owner-provided:/Users/inxups/Library/Containers/com.tencent.qq/Data/Downloads/textures.rar#textures/item/iron_chain.png	textures/item/iron_chain.png	02929f8596d15601d8f03f3de91bf1e6fbaa1f722c95527647b7e738a760bab3
resource-pack	items/chainmail_boots.png	textures/item/iron_chainmail_boots.png	061be8e65b0e28df352a8da03d28d587dfa73cfd5f795af4833d4463e3213811
resource-pack	items/chainmail_chestplate.png	textures/item/iron_chainmail_chestplate.png	fa35055fc557527bd4f63d696fef640f505f28073964afd2fcc5757dcef36ccc
resource-pack	items/chainmail_helmet.png	textures/item/iron_chainmail_helmet.png	43ff24a39061e9ac1143254e803877331587479a2398c801a7d4be7329c918a3
resource-pack	items/chainmail_leggings.png	textures/item/iron_chainmail_leggings.png	6836097d33aa0d542b4f1f29874bc09297244a5a6dce4221d68c8a4493202150
resource-pack	items/iron_chestplate.png	textures/item/iron_chestplate.png	028d1a738128c5622471a9d1b94f00b49a696e7c4fac3dfccd07272e50021f71
resource-pack	items/tools/iron_dagger.png	textures/item/iron_dagger.png	04fb6052defac4b31655793481c7a90ce17c9b0cad70713096da262f41b29816
resource-pack	items/fishing_rods/iron_uncast.png	textures/item/iron_fishing_rod.png	eaf66dce8f2dfccdc95c8b2c8df7d715bb4a337dfa250a227a9eb58b73b0602c
resource-pack	items/tools/iron_hatchet.png	textures/item/iron_hatchet.png	22a7f4c893fb4f58988afbdc560120d86f9ffc1c811f993a5aaf2c76e4fa4eaa
resource-pack	items/iron_helmet.png	textures/item/iron_helmet.png	db530074cf0a2b1e6d6958f66536625764f47e00e3c1cc9f558586c24a5cf9dc
derived	minecraft:textures/item/iron_hoe.png	textures/item/iron_hoe.png	4ed88a87c141168b4552041174e83105e5d5825ea9b96836dd4869c674848d69
derived	minecraft:textures/item/iron_horse_armor.png	textures/item/iron_horse_armor.png	0c57dfa88d51463cc1c641f1fc9a799c68dec8b87f9d1635bad7bd3c3e415f6a
resource-pack	items/iron_leggings.png	textures/item/iron_leggings.png	64fee8e18c943e5131041b6cd560c33e2d512f3a56f99cbc4a1c545479ccba2c
resource-pack	items/tools/iron_mattock.png	textures/item/iron_mattock.png	412f6889e2b710af114f87def5abe42208c69e0a31b9b880ef430e353b6d3f19
derived	minecraft:textures/item/iron_pickaxe.png	textures/item/iron_pickaxe.png	5d55017888833783f613632dead4c0fc19e9026e96e10417e65468569d55749b
resource-pack	items/tools/iron_scythe.png	textures/item/iron_scythe.png	281829746ab3e0b08505a1ad1f0d8008fce42b9cd3c68adc0202837f82a18235
derived	minecraft:textures/item/shears.png	textures/item/iron_shears.png	a9570cdb8be3b5c96d4be6b832cd17ab9cfdf731ce213b25e31199940091c56d
derived	minecraft:textures/item/iron_shovel.png	textures/item/iron_shovel.png	432a399180f3af76ab368f5399950caae1a879fdc6a03c01cd9f765d249a8900
derived	minecraft:textures/item/iron_sword.png	textures/item/iron_sword.png	455f2c306a9ddc1da19b04603ae0047211e2f4e4817b105573fcdc29b3c6945f
resource-pack	items/tools/iron_war_hammer.png	textures/item/iron_war_hammer.png	82068925feea37b4cb56bedf30f89d0cfcda80492c90b3b21237c50a7ffb6c28
derived	item/spawn_egg/spawn_egg_jelly.png	textures/item/jelly_spawn_egg.png	989e94147b5b87035c2ccc19ea115e83e11e89e89ade7c281592d9d663f12fca
resource-pack	items/leather_boots.png	textures/item/leather_boots.png	d54ca10f90b72004436fd9a6aa8d136a692f89f505056ae47d8395137b46637c
resource-pack	items/leather_boots_overlay.png	textures/item/leather_boots_overlay.png	fbd87a98ff5bab4a028c2f314a98c19434cfb71d947fbde129ec474196568cb0
resource-pack	items/leather_chestplate.png	textures/item/leather_chestplate.png	f4388ae2703b5eb9139d965c242289da09d6b26c8025d67a148dfd03597271bb
resource-pack	items/leather_chestplate_overlay.png	textures/item/leather_chestplate_overlay.png	eec51b2266af48812f347de3b41d10c16205fe602ef0b02efb52af190365edea
resource-pack	items/leather_helmet.png	textures/item/leather_helmet.png	fb5c1283c5ad8e2d32ad4154e12f759a94d0431f36ecca49b3da84ffc050cd7c
resource-pack	items/leather_helmet_overlay.png	textures/item/leather_helmet_overlay.png	5ece5fc6b1b2423953c42de058c9641dd6eacd50027f9226cac2e20f8e7add4c
resource-pack	items/leather_leggings.png	textures/item/leather_leggings.png	5fe9d39042279e71ed6279e430401f46a571c519768717631c5683d3b6f65536
resource-pack	items/leather_leggings_overlay.png	textures/item/leather_leggings_overlay.png	3256a5dbbf0e249dbbc90421c97dabd7407b6e5372768c6b18c0c79d32c7f50d
derived	item/spawn_egg/spawn_egg_longdead.png	textures/item/longdead_spawn_egg.png	bacff65234238a6bea130c22267afd01d8844ab87fe4c172177ac93d846a890b
derived	26.2/item/magma_cube_spawn_egg.png	textures/item/magma_cube_spawn_egg.png	4ce682868818aa173bff02b284223d04bfcfba51193132b3b725104bee7b6f69
resource-pack	items/manure.png	textures/item/manure.png	142c979ccd4cc1a06641c60f54a909a6ab37ea2672595548ca8f2aadc6e6c33a
derived	owner-provided:/Users/inxups/Library/Containers/com.tencent.qq/Data/Downloads/textures.rar#textures/item/mashed_potato.png	textures/item/mashed_potato.png	008c12fa77fcc59d9ddc315fc84c5767549bf857f829ece0aa8c40be74c7f9e7
resource-pack	items/bowls/bowl_milk.png	textures/item/milk_bowl.png	374bbd341dcfc0db8a67884c9bd959ddab44145ee890e5654232280c52d61ed7
resource-pack	items/arrows/mithril_arrow.png	textures/item/mithril_arrow.png	1dc39782d82066132b35c0ebdb2494b5a7e3475d336eea936d9ad7aa02bda385
resource-pack	items/tools/mithril_axe.png	textures/item/mithril_axe.png	cfc7cdb30b5d895e43befc0b0dcff6a096383c8fa0366e0521e85703d561f762
resource-pack	items/tools/mithril_battle_axe.png	textures/item/mithril_battle_axe.png	3419104a5228093b565cebc5052e1a20f549b2e56fa920f68145b512219af521
resource-pack	items/armor/mithril_boots.png	textures/item/mithril_boots.png	f4a13c6cb3613a77cb2fd9a632f3d6758670c8f8a9a5df74733e8dd77181253b
resource-pack	items/bows/mithril/standby.png	textures/item/mithril_bow.png	0efe69072ed074a5830f5cb52d44cc28d2f19b8cca861b68ff6ad7f48280fe99
resource-pack	items/bows/mithril/adamantium_arrow_0.png	textures/item/mithril_bow/adamantium_0.png	5826a03273e546a10beb00efb5c950e89c900b10fda8bd577c2a7aef5465be4c
resource-pack	items/bows/mithril/adamantium_arrow_1.png	textures/item/mithril_bow/adamantium_1.png	653da89249eb0854469b11e6f3d938f2dec8b1e4be1bc54567272ef20f811887
resource-pack	items/bows/mithril/adamantium_arrow_2.png	textures/item/mithril_bow/adamantium_2.png	171092be1b6302a1e205617a8d6cdca53e10e1e73b250d56568319047ddc42ba
resource-pack	items/bows/mithril/ancient_metal_arrow_0.png	textures/item/mithril_bow/ancient_metal_0.png	56d00ac91c867b3232595d6171ab1d260ba13141ab82208529d9cb5b42f703e1
resource-pack	items/bows/mithril/ancient_metal_arrow_1.png	textures/item/mithril_bow/ancient_metal_1.png	7fdd0913e8ca1fe2d3e1437d1d30eb0fa8a40c03c47e933d7a3da73db9a7072f
resource-pack	items/bows/mithril/ancient_metal_arrow_2.png	textures/item/mithril_bow/ancient_metal_2.png	e4660f7009c70914bde9d1100f07db3edd22226d63758bd5f52e4dc6b9835700
resource-pack	items/bows/mithril/copper_arrow_0.png	textures/item/mithril_bow/copper_0.png	9bf2af99b67549819ac0e7420915466ea270b631dc7ee31554f61b890d16d2d6
resource-pack	items/bows/mithril/copper_arrow_1.png	textures/item/mithril_bow/copper_1.png	07b4aaad52eae8c0b1416757f1a83a286a7c2154772831d0838279e0271cf3fa
resource-pack	items/bows/mithril/copper_arrow_2.png	textures/item/mithril_bow/copper_2.png	b618df133b2120e8c42ddd72b612d9b71ad957c85fa360a26b4dc57551ec3b77
resource-pack	items/bows/mithril/flint_arrow_0.png	textures/item/mithril_bow/flint_0.png	2bb2cca2caaf1cd1b6eb864f4d096291a4bab6dd40608538f62f83769f6e8d98
resource-pack	items/bows/mithril/flint_arrow_1.png	textures/item/mithril_bow/flint_1.png	8051267a097a720912c227c1d10ba66610250788d29ebcb154ea29f833cc8d51
resource-pack	items/bows/mithril/flint_arrow_2.png	textures/item/mithril_bow/flint_2.png	9c3c914d64c7517f6b7b9d886e2d90f6a4840b5f0809717c98b4d4533ff44fb7
resource-pack	items/bows/mithril/gold_arrow_0.png	textures/item/mithril_bow/gold_0.png	31fa05328abc8f72179449d92ebbc9ba8c5a1e8d594be6cdf65ace57c0df42d4
resource-pack	items/bows/mithril/gold_arrow_1.png	textures/item/mithril_bow/gold_1.png	a43c134751cad0e38a3302690815a213cd0a48447f8f5aad648aa2af2db2a7d7
resource-pack	items/bows/mithril/gold_arrow_2.png	textures/item/mithril_bow/gold_2.png	acf083f3ce03b3ec49e113a08f9b439748c20a1cbf016583126f9ea80d4eb7a4
resource-pack	items/bows/mithril/iron_arrow_0.png	textures/item/mithril_bow/iron_0.png	808679f52254f685a9f00ecdcd838a73ac2bc39afac222dd4a3a4b2110399e46
resource-pack	items/bows/mithril/iron_arrow_1.png	textures/item/mithril_bow/iron_1.png	bcc06258f71302b665eb8fb4094e894acf304d5e250c627d6e932379eef03e4c
resource-pack	items/bows/mithril/iron_arrow_2.png	textures/item/mithril_bow/iron_2.png	3bdf02806f12750fe9a65ae4babd88891afcaff526f369da6fb1a5ab180f145b
resource-pack	items/bows/mithril/mithril_arrow_0.png	textures/item/mithril_bow/mithril_0.png	5ad32f983c9cf247dbffc9b1b4b709a956c50cb9df7b37f3fab7ad2652cc0c74
resource-pack	items/bows/mithril/mithril_arrow_1.png	textures/item/mithril_bow/mithril_1.png	478e04de4da31ab5df4ff18a6000712ec88d983765ea2f1445c7f375c7f5085d
resource-pack	items/bows/mithril/mithril_arrow_2.png	textures/item/mithril_bow/mithril_2.png	f05aa163fe749d7dbd6dd5d19a1bfe894484d4fef7284c9bd3fdbf9db567c7e1
resource-pack	items/bows/mithril/obsidian_arrow_0.png	textures/item/mithril_bow/obsidian_0.png	5b4b6ea6be22e27d7e92e0cc8bfa10526a69fb80e50d4de2dde7ecee9526e021
resource-pack	items/bows/mithril/obsidian_arrow_1.png	textures/item/mithril_bow/obsidian_1.png	b4e1a916a0cdc0a3c97ce4f317d9a1c129d71f845861a0a270a2a76a7fc34cf9
resource-pack	items/bows/mithril/obsidian_arrow_2.png	textures/item/mithril_bow/obsidian_2.png	5723720021a94dc7ff48365c703a997829098249be50aaa339af9d2813ac4b6e
resource-pack	items/bows/mithril/rusted_iron_arrow_0.png	textures/item/mithril_bow/rusted_iron_0.png	0d6781ba9ff795c8004f3dd40b9a4fc15a84d36cdcd0b2459a9eece15f17ce21
resource-pack	items/bows/mithril/rusted_iron_arrow_1.png	textures/item/mithril_bow/rusted_iron_1.png	b82436ce91ec65a5f767d304b35edff36237e044682132a63c7b80fb657a5a07
resource-pack	items/bows/mithril/rusted_iron_arrow_2.png	textures/item/mithril_bow/rusted_iron_2.png	9e00bf8860aca88e13d6ca781adc4f600ad76b96451d855837b03ec817a72037
resource-pack	items/bows/mithril/silver_arrow_0.png	textures/item/mithril_bow/silver_0.png	7f4931cad515709e94b83fb0563c50d15e4ade24e873dc89a9c048c3c3d98024
resource-pack	items/bows/mithril/silver_arrow_1.png	textures/item/mithril_bow/silver_1.png	3e62c4ef7673048f9f70ac73ea0e7f6ec40ea275672c6c5878bb0bec85ded6aa
resource-pack	items/bows/mithril/silver_arrow_2.png	textures/item/mithril_bow/silver_2.png	55a909355762b69d5259e9ecb54cc052e34005093060406d01f3a6106720b0df
derived	owner-provided:/Users/inxups/Library/Containers/com.tencent.qq/Data/Downloads/textures.rar#textures/item/mithril_chain.png	textures/item/mithril_chain.png	382018738e74c55610cd641f729af9ea99bba5d7c2196ce8fc7426e22aab0e1a
resource-pack	items/armor/mithril_chainmail_boots.png	textures/item/mithril_chainmail_boots.png	9de19819fe03f193d359572d905c3b2e330046b750db49e6be107acd2b912390
resource-pack	items/armor/mithril_chainmail_chestplate.png	textures/item/mithril_chainmail_chestplate.png	d1522c941a4529d4eed6c463e069bf6e2a816131ad79adebcd670d86e083828f
resource-pack	items/armor/mithril_chainmail_helmet.png	textures/item/mithril_chainmail_helmet.png	33a0bfc709c7c5d374ddc95aad5b5cd384a33c27222c222637802ace96bd4eb3
resource-pack	items/armor/mithril_chainmail_leggings.png	textures/item/mithril_chainmail_leggings.png	70f3f288b0e3785fef461da159efd87d1fba670803c1a6cafe36c2b5ca60a632
resource-pack	items/armor/mithril_chestplate.png	textures/item/mithril_chestplate.png	26773a5715cd61f4ff08d4317a9e0139d19b661357fc2e60d2e2d45ff4f12933
derived	owner-provided:/Users/inxups/Library/Containers/com.tencent.qq/Data/Downloads/textures.rar#textures/item/mithril_coin.png	textures/item/mithril_coin.png	449e488b1baaa856016c2f41a923f63bee5c47a81b0b8533295c9a894fdad2d9
resource-pack	items/tools/mithril_dagger.png	textures/item/mithril_dagger.png	a5a5ed334cb35ab77124847ced33b7d255257093fd8215b99a3dd7083deca549
resource-pack	items/fishing_rods/mithril_uncast.png	textures/item/mithril_fishing_rod.png	1762980edf55302f3c910152e5a6d54c02bd0bba4e69c29f25a8e48b7c53a45d
resource-pack	items/tools/mithril_hatchet.png	textures/item/mithril_hatchet.png	0b9b4c988b920313cc5e251c8049d995a3ec3008f9b26605890cc0b3ec730bc2
resource-pack	items/armor/mithril_helmet.png	textures/item/mithril_helmet.png	15ae8f6d430c63c89d6484c4f644845d4400721b7a945bdd4aced018d398f9a6
resource-pack	items/tools/mithril_hoe.png	textures/item/mithril_hoe.png	3e3e18d9f0c8ed540442163aaa6b9117733f78923116b20759a1ad9b1541a8e5
resource-pack	items/armor/horse/mithril.png	textures/item/mithril_horse_armor.png	dfb02035dae4cc1dc78b2d1ac1c5e011df24d18117a8d4ca561dab623aec5620
resource-pack	items/ingots/mithril.png	textures/item/mithril_ingot.png	14b329dde567c0493d89338dfd666915708f06ad6c023c6935792b7037367422
resource-pack	items/armor/mithril_leggings.png	textures/item/mithril_leggings.png	ed9a4547c3a182e2e35bfa38ef81eda1f005990628143cd2197aa172b75202a4
resource-pack	items/tools/mithril_mattock.png	textures/item/mithril_mattock.png	1a7a80a3d00743be78e5d6d8e1494369cffe983afcc3f7a4eb470dfd7f79b153
resource-pack	items/nuggets/mithril.png	textures/item/mithril_nugget.png	5c2c8a9d131cf285b48cbae808ba0b568214f5258d3c3553e37b19e741acb3f2
resource-pack	items/tools/mithril_pickaxe.png	textures/item/mithril_pickaxe.png	d19795a361cf9c01218d792c0f2dc77d4546d3e514b910274ce50c144d14574b
resource-pack	items/tools/mithril_scythe.png	textures/item/mithril_scythe.png	7f64edece8bffab74398809ed5d6a8d1ba1485d30a8582630c279ea4a5cb9b0f
resource-pack	items/tools/mithril_shears.png	textures/item/mithril_shears.png	5b2ff23e2dd61b91bdefa5d92f805cd33a8007cebd49e06acd4315ce3844bd32
resource-pack	items/tools/mithril_shovel.png	textures/item/mithril_shovel.png	16d76e30feeb76541c70d149a42df42db6cbcd12f6f08a03a6ff3fc314916259
resource-pack	items/tools/mithril_sword.png	textures/item/mithril_sword.png	f478b1824d2a004d9a7865c7fad4b7b74fc5ffabdd13a5f7fc4962b70e02b6d0
resource-pack	items/tools/mithril_war_hammer.png	textures/item/mithril_war_hammer.png	71d76433bd59c8c9317191a2a4721d1763219a080e2de387fd367750f091526d
resource-pack	items/shards/quartz.png	textures/item/nether_quartz_shard.png	74e6172118e7b96f02728584f3746f22ac210140280cff5dc2dda405a2ce658d
derived	item/spawn_egg/spawn_egg_nether_silverfish.png	textures/item/netherspawn_spawn_egg.png	e2c8434db9109fb7cfae07c5d8aea53bb47fcebf60e2dadf229abc65effed5f5
derived	26.2/item/bat_spawn_egg.png	textures/item/nightwing_spawn_egg.png	91010312974505425a7448a9533af2c273aa49976a838f983239e15d9000caa0
resource-pack	items/arrows/obsidian_arrow.png	textures/item/obsidian_arrow.png	733ff124c9f0d3ceb77bcd2bfc1653181cfdad3e5d18c45b3daeb7397dd8b20b
resource-pack	items/tools/obsidian_axe.png	textures/item/obsidian_axe.png	847863c49bfd7d2b3cec53e2e9a9315901ab3bd90873d92bb7a2e517375a20aa
resource-pack	items/fishing_rods/obsidian_uncast.png	textures/item/obsidian_fishing_rod.png	945e137f922d1a1dd31e2684b4315878d53eb4adbb351124f9e7a384ab19db8e
resource-pack	items/tools/obsidian_hatchet.png	textures/item/obsidian_hatchet.png	4f8f19e060776e7645ad1e3cb65333c34c0e21cc27349da44a2183a9f43367ea
resource-pack	items/tools/obsidian_knife.png	textures/item/obsidian_knife.png	b8a7e938ddfe955a6eb60904b2da4c037d9f239b2c23559ec1c924c5796a3754
resource-pack	items/shards/obsidian.png	textures/item/obsidian_shard.png	573ef14e08c19d30d776d9061553b44e38a8af8511d1806c46abe196a20c9442
resource-pack	items/tools/obsidian_shovel.png	textures/item/obsidian_shovel.png	45ef2a179a7371d841dbdab1cb85c8d338110fe6d5711f54fcc72971093c6291
resource-pack	items/food/onion.png	textures/item/onion.png	f2974f9935a8b0e8a527a1695d945b6e5749a006f460372d3479588c2b529ebf
derived	item/spawn_egg/spawn_egg_ooze.png	textures/item/ooze_spawn_egg.png	6cf7e0f90d8967b0d8c20b50e902f987fbb4e7dbfac3712741bb825453d0b7d0
resource-pack	items/food/orange.png	textures/item/orange.png	0861b10916c58b58a650d8f9be892f123f882e796746944e03f70a176958bafb
derived	item/spawn_egg/spawn_egg_phase_spider.png	textures/item/phase_spider_spawn_egg.png	77f615bb5f3514aef368384ac17676a128636aca51df502ae997631a5994458a
derived	owner-provided:/Users/inxups/Library/Containers/com.tencent.qq/Data/Downloads/textures.rar#textures/item/powder_snow_adamantium_bucket.png	textures/item/powder_snow_adamantium_bucket.png	0942b050f02e7953c77c584f6cd59e0985dc1711727227770e5481a61d195b2e
derived	owner-provided:/Users/inxups/Library/Containers/com.tencent.qq/Data/Downloads/textures.rar#textures/item/powder_snow_ancient_metal_bucket.png	textures/item/powder_snow_ancient_metal_bucket.png	565d462c3acdbe0e278f8801654da59f830aeee3e0cccfde7a8e9074b7b0d3be
derived	owner-provided:/Users/inxups/Library/Containers/com.tencent.qq/Data/Downloads/textures.rar#textures/item/powder_snow_copper_bucket.png	textures/item/powder_snow_copper_bucket.png	104f2a58a2fb67c07baa98d86c8ac010ef3bbe95ba19cb0eac82c0b6ce91fe19
derived	owner-provided:/Users/inxups/Library/Containers/com.tencent.qq/Data/Downloads/textures.rar#textures/item/powder_snow_gold_bucket.png	textures/item/powder_snow_gold_bucket.png	58f231898326bbea80736f7f67c5622091d1183dfa7d973a84bbba5ac1dae3c3
derived	minecraft:textures/item/powder_snow_bucket.png	textures/item/powder_snow_iron_bucket.png	fbc193fbecdf2d90d520ad14a27843919caeac2f783ad3cd483347f7822cb8ed
derived	owner-provided:/Users/inxups/Library/Containers/com.tencent.qq/Data/Downloads/textures.rar#textures/item/powder_snow_mithril_bucket.png	textures/item/powder_snow_mithril_bucket.png	bdd109e54946ee66ceba4455890897bfdd0cd9362ef7f3922204e435205b87b2
derived	owner-provided:/Users/inxups/Library/Containers/com.tencent.qq/Data/Downloads/textures.rar#textures/item/powder_snow_silver_bucket.png	textures/item/powder_snow_silver_bucket.png	1f55731e5a4b41e2be40fd63096f48bdc9d36bf11162d34575acc3c8e42cf388
derived	item/spawn_egg/spawn_egg_pudding.png	textures/item/pudding_spawn_egg.png	dbc13a09daef3233156d680327bf1f278933a13e0d965033af1d19ec6ddb49ae
derived	owner-provided:/Users/inxups/Library/Containers/com.tencent.qq/Data/Downloads/textures.rar#textures/item/pufferfish_adamantium_bucket.png	textures/item/pufferfish_adamantium_bucket.png	58c43de87a700a1b354e0155578327725dddb838f37233d0108f9bea8db1e7bf
derived	owner-provided:/Users/inxups/Library/Containers/com.tencent.qq/Data/Downloads/textures.rar#textures/item/pufferfish_ancient_metal_bucket.png	textures/item/pufferfish_ancient_metal_bucket.png	939572da5647ffabc0842ee7b35b1814cd803790ea1ecb28ad9c3bc521a753a2
derived	owner-provided:/Users/inxups/Library/Containers/com.tencent.qq/Data/Downloads/textures.rar#textures/item/pufferfish_copper_bucket.png	textures/item/pufferfish_copper_bucket.png	ad9ca0a5a50dc39cf0632991ac6b96cb421744d255975a27279ff557a0e9f46b
derived	owner-provided:/Users/inxups/Library/Containers/com.tencent.qq/Data/Downloads/textures.rar#textures/item/pufferfish_gold_bucket.png	textures/item/pufferfish_gold_bucket.png	0ad01d19301cb4ca87f94d294430c9366d584519b07fd163d0bd332db1d85f36
derived	owner-provided:/Users/inxups/Documents/resource/pufferfish_iron_bucket.png	textures/item/pufferfish_iron_bucket.png	612e42cbef2b7fa7cd57b572fb60d0a5b924169d2755faa9e66e9d265dbb0221
derived	owner-provided:/Users/inxups/Library/Containers/com.tencent.qq/Data/Downloads/textures.rar#textures/item/pufferfish_mithril_bucket.png	textures/item/pufferfish_mithril_bucket.png	77b9c3b80bb8d4a5b6f6e9ea74c0d201104298ab2643953e62da20093bd8cea7
derived	owner-provided:/Users/inxups/Library/Containers/com.tencent.qq/Data/Downloads/textures.rar#textures/item/pufferfish_silver_bucket.png	textures/item/pufferfish_silver_bucket.png	33d8e2298857dfb9b41ad1181b2f315c3c116036f69d7abd8e992e10a6bae696
resource-pack	items/bowls/pumpkin_soup.png	textures/item/pumpkin_soup.png	3e411a0d8ad3b8ca1dffea618b4a127449a28e8e6f915bdf32ef172e11c988f0
derived	item/vampire_bat_spawn_egg.png	textures/item/infx_bat_spawn_egg.png	91010312974505425a7448a9533af2c273aa49976a838f983239e15d9000caa0
derived	26.2/item/blaze_spawn_egg.png	textures/item/infx_blaze_spawn_egg.png	e1e1f2c9b5a12c2628a4c64f3f9d67d2ed197bc0fc08aad9915d5b2f6ba0f0ed
derived	26.2/item/cave_spider_spawn_egg.png	textures/item/infx_cave_spider_spawn_egg.png	deb9210ca1b20e1f0ec0b173469df56cc194d285df8f86d417632e0b8587814c
derived	26.2/item/chicken_spawn_egg.png	textures/item/infx_chicken_spawn_egg.png	97c478f0cc229dbdead7975785a54a20d532321c5789364c03c3b64a21fdc047
derived	26.2/item/cod_spawn_egg.png	textures/item/infx_cod_spawn_egg.png	3331026416fa3d5460fae3a3c47d02ee87a181a461e8547dfb2c701c544f735d
derived	26.2/item/cow_spawn_egg.png	textures/item/infx_cow_spawn_egg.png	6f5c40c7fe462d26422f530c600d200efef9122a9f1e8c580ace2fc15fe1e979
derived	item/spawn_egg/spawn_egg_creeper.png	textures/item/infx_creeper_spawn_egg.png	623f2379b53aa1745d943b40e0f75f2dd818f79ad3d4862730f215b22b53f221
derived	26.2/item/enderman_spawn_egg.png	textures/item/infx_enderman_spawn_egg.png	550a8c570cedba0fb960fd282c80150dcddb692f51bf37fc9bdb47c6a31a87e9
derived	26.2/item/ghast_spawn_egg.png	textures/item/infx_ghast_spawn_egg.png	bde96f5d5a5af12c18cafcb4ae99e0e0733f0588091ae2c0be73f510a2e67e91
derived	26.2/item/horse_spawn_egg.png	textures/item/infx_horse_spawn_egg.png	81c74186b55759ce647e2515935ad9e9153bb8a0e18bce373dc540ddf48ebb7d
derived	26.2/item/ocelot_spawn_egg.png	textures/item/infx_ocelot_spawn_egg.png	89b52eb8feec7bbe1244115ef3db70f85cc01ca751b8013a6974555ee94e27d0
derived	26.2/item/pig_spawn_egg.png	textures/item/infx_pig_spawn_egg.png	4a019a20b34dc315fedbcd73a728082583b078f96ce997b61885a39eda6e3e1c
derived	26.2/item/pufferfish_spawn_egg.png	textures/item/infx_pufferfish_spawn_egg.png	3d2ecb04a6471e238339920002ff2f68272511285410b96bc31df755687e8ffd
derived	26.2/item/salmon_spawn_egg.png	textures/item/infx_salmon_spawn_egg.png	808f0b3f83e645f54d6b484afaf06d143b457ed69176a039ce2b25c89af1c9b3
derived	26.2/item/sheep_spawn_egg.png	textures/item/infx_sheep_spawn_egg.png	1ef632fa4fe3acb1d994d50899e473eeae9e290492194d4fee988c1f76ce10f2
derived	item/spawn_egg/spawn_egg_skeleton.png	textures/item/infx_skeleton_spawn_egg.png	014982f66a2d41895f8258d4d28e8779bd75856cbebfc5b09f8e78b90a765bc8
derived	item/spawn_egg/spawn_egg_slime.png	textures/item/infx_slime_spawn_egg.png	24795a013502dfce486cd68623e94656f16b5bbdb2f945448e848bebf7763f94
derived	item/spawn_egg/spawn_egg_spider.png	textures/item/infx_spider_spawn_egg.png	52b0ef8cb2af632a7e6387ba84875a0cc223e7558067acd24a602a6bc6b9395a
derived	26.2/item/squid_spawn_egg.png	textures/item/infx_squid_spawn_egg.png	572db27e4561625af62ec1882cbb501c3da3441782f036cf1b1ce455c691c1d3
derived	26.2/item/tropical_fish_spawn_egg.png	textures/item/infx_tropical_fish_spawn_egg.png	867d8af2af0faae40d56003001de55a6aa5a0d1e4b4d6bb9cdcbc205bd50c3f5
derived	26.2/item/witch_spawn_egg.png	textures/item/infx_witch_spawn_egg.png	64b45ddac963a62da25e73910117ff741c73793cc5b486efeb6f5dfcce20f203
derived	item/spawn_egg/spawn_egg_wolf.png	textures/item/infx_wolf_spawn_egg.png	7a994f3768fe09e0c8b438071abfcdd20f48417df146786dc60a0385f6168406
derived	item/spawn_egg/spawn_egg_zombie.png	textures/item/infx_zombie_spawn_egg.png	a68ca65b62dcccfe14cf6651c3d72a4b66b70c184f6e9a6f9bc3316274e1c6ad
derived	26.2/item/zombified_piglin_spawn_egg.png	textures/item/infx_zombified_piglin_spawn_egg.png	513a7b61259a40b806757f8ec163d5c24be5e3f0fdabf6cf941bd61fb16bbf12
derived	item/spawn_egg/spawn_egg_revenant.png	textures/item/revenant_spawn_egg.png	cd1c7650e1b0e56845bbc79386a7f8380f2a191e2a2f5b3292b32d0d83dbe82a
resource-pack	items/arrows/rusted_iron_arrow.png	textures/item/rusted_iron_arrow.png	a65b7fd62263da7a4585c3423584983e7b332c202823dcdd391081512ace2e22
resource-pack	items/tools/rusted_iron_axe.png	textures/item/rusted_iron_axe.png	ae30e1373118408702f38d6abf261848fb7a8fb2b8746c4cc9a54443c847e35f
resource-pack	items/tools/rusted_iron_battle_axe.png	textures/item/rusted_iron_battle_axe.png	5353cc718353de9c58e1d6af53dc23f63287550497b0a02414aa546500b4140e
resource-pack	items/armor/rusted_iron_boots.png	textures/item/rusted_iron_boots.png	f53c838bb091dce123e601b559084ca51512083b944fe920572781da9dfbe45d
derived	owner-provided:/Users/inxups/Library/Containers/com.tencent.qq/Data/Downloads/textures.rar#textures/item/rusted_iron_chain.png	textures/item/rusted_iron_chain.png	364dd68a919f3be4a63a67e8a260a81782b75a2c2818018506ede63d6384de52
resource-pack	items/armor/rusted_iron_chainmail_boots.png	textures/item/rusted_iron_chainmail_boots.png	83e6c21c6adcf1759e0c927e35f7f1956bac14bc9f8d6d604c183cac7406fa4d
resource-pack	items/armor/rusted_iron_chainmail_chestplate.png	textures/item/rusted_iron_chainmail_chestplate.png	e64137e231941a84fec187a5cfe02971dcea096328fc5cbf66bf44d9780a345c
resource-pack	items/armor/rusted_iron_chainmail_helmet.png	textures/item/rusted_iron_chainmail_helmet.png	bed6a3f87868deef74a818a3416bb255595d15975cb1bb52ed35af122514a414
resource-pack	items/armor/rusted_iron_chainmail_leggings.png	textures/item/rusted_iron_chainmail_leggings.png	b7e7ed81f23bfea1ae725cc1b4a83fd5709228dbc9ee56b8718c787cff46c485
resource-pack	items/armor/rusted_iron_chestplate.png	textures/item/rusted_iron_chestplate.png	dbc04c73fb9cad8e3da44216dc4e6f941276f927922e7fe691c333151fa5efd9
resource-pack	items/tools/rusted_iron_dagger.png	textures/item/rusted_iron_dagger.png	f0a424100cde0e6c7f6fc5f61ce4acf46502f3dab1b4c914063f488b5a64db91
resource-pack	items/tools/rusted_iron_hatchet.png	textures/item/rusted_iron_hatchet.png	c2de1adc33f5cdb10b4b88aa3ee1a040fe1bab3771d398e44c11471d8b72edd3
resource-pack	items/armor/rusted_iron_helmet.png	textures/item/rusted_iron_helmet.png	deb211d6cd07c6b108523dcd650a868f6e0779364d7ba39c0f39d44f6858066c
resource-pack	items/tools/rusted_iron_hoe.png	textures/item/rusted_iron_hoe.png	75df2515ffa181844314009dd9f535ba3ad74cf40e0a54154e64ef9f68e6481f
resource-pack	items/armor/rusted_iron_leggings.png	textures/item/rusted_iron_leggings.png	e7f2c97d05201a6142e767d00f0b72ec145394bec2520e6a40bf483ae9051f91
resource-pack	items/tools/rusted_iron_mattock.png	textures/item/rusted_iron_mattock.png	a83ba2851e45f9f6eaeb1ae56d3f8d5c5bd1d4fa80eb2af8c7389ffe98182943
resource-pack	items/tools/rusted_iron_pickaxe.png	textures/item/rusted_iron_pickaxe.png	cb7be8e2847002a8558dcf9b7fbaa3d9147b81dfecb4baeb8e8fc45fb849939c
resource-pack	items/tools/rusted_iron_scythe.png	textures/item/rusted_iron_scythe.png	aa7d47c5a49dbdb064b25fb36765c2166273513c967cbc8f3b0c6593c0fb49af
resource-pack	items/tools/rusted_iron_shears.png	textures/item/rusted_iron_shears.png	1f52d997d4742cf0acdae9c777a71abdd919f9dacb82be7c1d575bdca2bbf043
resource-pack	items/tools/rusted_iron_shovel.png	textures/item/rusted_iron_shovel.png	6d7f6663f32aef0a1e8426dd7ef276f69740a385d7e3987ee0a0844496ae8d21
resource-pack	items/tools/rusted_iron_sword.png	textures/item/rusted_iron_sword.png	8912a18d10b9a921181f2b4bc6c8a8f877aca1072480c340b6d83b78b3279a7c
resource-pack	items/tools/rusted_iron_war_hammer.png	textures/item/rusted_iron_war_hammer.png	2e744ca7fe38e490a63446c38be9c27ef0a4fff9ee40ec4ff0368ee11efdc1dd
resource-pack	items/bowls/bowl_salad.png	textures/item/salad.png	7e0efb2b59f676d61a53a27e017de548511a18a95580d4eeb80e186a73465958
derived	owner-provided:/Users/inxups/Library/Containers/com.tencent.qq/Data/Downloads/textures.rar#textures/item/salmon_adamantium_bucket.png	textures/item/salmon_adamantium_bucket.png	d7f41d066947e5216534db3bb84a9d2b74bf45fced6061564ea8fc0d383e0fb2
derived	owner-provided:/Users/inxups/Library/Containers/com.tencent.qq/Data/Downloads/textures.rar#textures/item/salmon_ancient_metal_bucket.png	textures/item/salmon_ancient_metal_bucket.png	2974691ca449aed9a54b3487dbb4230fc10b749ebaaa4b75fd12e7e94b29b9e3
derived	owner-provided:/Users/inxups/Library/Containers/com.tencent.qq/Data/Downloads/textures.rar#textures/item/salmon_copper_bucket.png	textures/item/salmon_copper_bucket.png	a4b4bbaa848a1e24e1e75cf2c251ea998e5b29a7a4e3dcdf7363757c7fe08dde
derived	owner-provided:/Users/inxups/Library/Containers/com.tencent.qq/Data/Downloads/textures.rar#textures/item/salmon_gold_bucket.png	textures/item/salmon_gold_bucket.png	ce771a0fea5b6b18a518af685c1a31e554a3a15f81eb4ff79e47c5d340c7aaa8
derived	owner-provided:/Users/inxups/Documents/resource/salmon_iron_bucket.png	textures/item/salmon_iron_bucket.png	c8cd369818dccf98b51342f956da2c34aaf1c2d8026933cf929f35517988088a
derived	owner-provided:/Users/inxups/Library/Containers/com.tencent.qq/Data/Downloads/textures.rar#textures/item/salmon_mithril_bucket.png	textures/item/salmon_mithril_bucket.png	40f6934fe67d70d75e93f099fdefe6974461bd88cf0163736df0b8b38bd6f04d
derived	owner-provided:/Users/inxups/Library/Containers/com.tencent.qq/Data/Downloads/textures.rar#textures/item/salmon_silver_bucket.png	textures/item/salmon_silver_bucket.png	509e4a64a9282486e910578445006a01451ff8e8e09eedaaccc391211ae8eff1
derived	item/spawn_egg/spawn_egg_shadow.png	textures/item/shadow_spawn_egg.png	546e1edd96652f4000bbb729638a883cace77482b905966263a17ed9e6114fb0
resource-pack	items/arrows/silver_arrow.png	textures/item/silver_arrow.png	9fc2ddc0bd8613f3b1a1ad890bb774747b96c4c0edb944d1dd3c764fd04a8f1f
resource-pack	items/tools/silver_axe.png	textures/item/silver_axe.png	47b6d5d774e5a46c56a6845e057745d9752a0552c9180f1d75d2d8e94179f1a6
resource-pack	items/tools/silver_battle_axe.png	textures/item/silver_battle_axe.png	c63c0b7baad721695ed18f7e851672daecf065e05a3faf868925459192f1f9e4
resource-pack	items/armor/silver_boots.png	textures/item/silver_boots.png	69c16920e5b6c7ae9e758462ec8232ba44722b9a3d4dd0b136952afa061782bf
derived	owner-provided:/Users/inxups/Library/Containers/com.tencent.qq/Data/Downloads/textures.rar#textures/item/silver_chain.png	textures/item/silver_chain.png	f333508311c5e0782b661f0ae55843935f3a402c49fbd73f43325c3f7c61aced
resource-pack	items/armor/silver_chainmail_boots.png	textures/item/silver_chainmail_boots.png	334492a5be1683ea13a90870c6610e84081fbc18fab65b68cc84ec5e27c3d74a
resource-pack	items/armor/silver_chainmail_chestplate.png	textures/item/silver_chainmail_chestplate.png	67c24588fe99d8bf6007800a3c0554ace70dcf27c0d3aa0d3643a08de9b3e141
resource-pack	items/armor/silver_chainmail_helmet.png	textures/item/silver_chainmail_helmet.png	dda30c0074be39057ae10e405733a45406dba96fc045fae49b224c6e398f4d00
resource-pack	items/armor/silver_chainmail_leggings.png	textures/item/silver_chainmail_leggings.png	fd9483875bff4dcef46e3e31e0d92088ee10b2e925928f35d84ed26e4f9ed2a0
resource-pack	items/armor/silver_chestplate.png	textures/item/silver_chestplate.png	86f15c39431c342c17878e289a9ba03f154bce9a134b4e236c5bc38b3980e7d4
derived	owner-provided:/Users/inxups/Library/Containers/com.tencent.qq/Data/Downloads/textures.rar#textures/item/silver_coin.png	textures/item/silver_coin.png	882f560dfee359ac8aefabda289a1f2bbda579b637f0cabe124468fa70b1b304
resource-pack	items/tools/silver_dagger.png	textures/item/silver_dagger.png	083b2a4fc3fccbe465a3fbc2bd2638baf4ccddc6571b31c867db9991237c4751
resource-pack	items/fishing_rods/silver_uncast.png	textures/item/silver_fishing_rod.png	06c9a61d90a956a1561369190865e2c68efdbc27378a4464a73fdd5b77910157
resource-pack	items/tools/silver_hatchet.png	textures/item/silver_hatchet.png	6539125d0b357f78e683a3949f3978ad0fef2d692e570fd887789ec027bc14b1
resource-pack	items/armor/silver_helmet.png	textures/item/silver_helmet.png	212736f53a1ca67bda3e5dcfe4b8cb77ac8f4b36a5923d032b14cc679eaecac7
resource-pack	items/tools/silver_hoe.png	textures/item/silver_hoe.png	673b0f5f82b074b02ec3edad1e37809020f37dcda91ff2862e44e123f967a61b
resource-pack	items/armor/horse/silver.png	textures/item/silver_horse_armor.png	1d17ecfa56274c92dd064673de56db5e0c0e875f982bc2cda8578c84140676ff
resource-pack	items/ingots/silver.png	textures/item/silver_ingot.png	7c9d99fa4204c8373b076b56115e2b74f098ef6615c2d68a22b90d58e1d5350a
resource-pack	items/armor/silver_leggings.png	textures/item/silver_leggings.png	5439794794dfe5141034a1d0e32cb1e199e9ef30d121d2aa479ce1327cde3c56
resource-pack	items/tools/silver_mattock.png	textures/item/silver_mattock.png	84fb4a8053bf3f17f997f6f3ed8806d9e3df205cbb1ee80044419d727e620539
resource-pack	items/nuggets/silver.png	textures/item/silver_nugget.png	7cdb89c30134cadbe77dfe2e49ac3c012d06f8c6feebfa72a4584e9defbddf0c
resource-pack	items/tools/silver_pickaxe.png	textures/item/silver_pickaxe.png	83da18ca692347e92b1e0fa3aa88d5bf872241d5c8bb0d8312242e3744a33179
resource-pack	items/tools/silver_scythe.png	textures/item/silver_scythe.png	e9ac1f4b3d881f2aa6d9dc1ad8c6902cce55f18eb1ae8df046332190d3f4e8b1
resource-pack	items/tools/silver_shears.png	textures/item/silver_shears.png	68e8dbfd79ac7b6b5df9dd3f16f3e0d10ba4cc59311e2e5ff59364ce49118af0
resource-pack	items/tools/silver_shovel.png	textures/item/silver_shovel.png	eade3bd3e92e93ea8abba2803da8155a23fb6faa9f6dbbfbf15622749278936b
resource-pack	items/tools/silver_sword.png	textures/item/silver_sword.png	03d31f8e871829f979f2eb3b5c2a263e686359df2d2e24225720476178ec0e10
resource-pack	items/tools/silver_war_hammer.png	textures/item/silver_war_hammer.png	e6df1ff10ff233ade818e3e8efc57c61d5dde37887da88c8af780cf938082ba1
resource-pack	items/sinew.png	textures/item/sinew.png	5cc87c07a946c29da3c3cdca634d380b110fbc7a53cbbc1018dcb2b948d6ab4c
derived	owner-provided:/Users/inxups/Library/Containers/com.tencent.qq/Data/Downloads/textures.rar#textures/item/tadpole_adamantium_bucket.png	textures/item/tadpole_adamantium_bucket.png	98d808c037310116b31360b5daea55689fe61f4433ddcf2c3ec7b4b5adcf09be
derived	owner-provided:/Users/inxups/Library/Containers/com.tencent.qq/Data/Downloads/textures.rar#textures/item/tadpole_ancient_metal_bucket.png	textures/item/tadpole_ancient_metal_bucket.png	e29c419b8004772764c645f26a94c147c1362f1056d7c81eb77025fea6f361b3
derived	owner-provided:/Users/inxups/Library/Containers/com.tencent.qq/Data/Downloads/textures.rar#textures/item/tadpole_copper_bucket.png	textures/item/tadpole_copper_bucket.png	df0b745ac6bc46f0928239502c3b5310662a09846c5411639887355dbda4f420
derived	owner-provided:/Users/inxups/Library/Containers/com.tencent.qq/Data/Downloads/textures.rar#textures/item/tadpole_gold_bucket.png	textures/item/tadpole_gold_bucket.png	680b9ffa3f0a07e267478584279910e0129e7885c7ecfa3986c955b4ec514e67
derived	owner-provided:/Users/inxups/Documents/resource/tadpole_iron_bucket.png	textures/item/tadpole_iron_bucket.png	869a08f376e19a7ad8345f65a629eeb14e361b171b1dd8892fe282c68ab8de92
derived	owner-provided:/Users/inxups/Library/Containers/com.tencent.qq/Data/Downloads/textures.rar#textures/item/tadpole_mithril_bucket.png	textures/item/tadpole_mithril_bucket.png	10ae1342d16de83ecb835858e83e2f8b9689cef5710d43eb6fc32936d0f19f15
derived	owner-provided:/Users/inxups/Library/Containers/com.tencent.qq/Data/Downloads/textures.rar#textures/item/tadpole_silver_bucket.png	textures/item/tadpole_silver_bucket.png	5b3a9d917a67f7b9275abca14952c773b878be256bfe2d9ad724dc106fe2b722
derived	owner-provided:/Users/inxups/Library/Containers/com.tencent.qq/Data/Downloads/textures.rar#textures/item/tropical_adamantium_bucket.png	textures/item/tropical_adamantium_bucket.png	888b2e0617e2115b93cf90d193e093379c8d867794de1afc6af2a11f67d00880
derived	owner-provided:/Users/inxups/Library/Containers/com.tencent.qq/Data/Downloads/textures.rar#textures/item/tropical_ancient_metal_bucket.png	textures/item/tropical_ancient_metal_bucket.png	4f6add746b45351355e25bd72585e75a35c526991b7977ffbd9c9bbfad8f0a3b
derived	owner-provided:/Users/inxups/Library/Containers/com.tencent.qq/Data/Downloads/textures.rar#textures/item/tropical_copper_bucket.png	textures/item/tropical_copper_bucket.png	66ced74198a17b0cae0572ebaae6a47d7098c2db5deae50e9a287397397f7c58
derived	owner-provided:/Users/inxups/Library/Containers/com.tencent.qq/Data/Downloads/textures.rar#textures/item/tropical_gold_bucket.png	textures/item/tropical_gold_bucket.png	9d6c6061e5982b344878ae2522004007dadb9f52a3abe578596ad28985698e4c
derived	owner-provided:/Users/inxups/Documents/resource/tropical_iron_bucket.png	textures/item/tropical_iron_bucket.png	9e67feb45333ba78436057bf36865ae128b7511ce74a726c57d70db7689bf7ee
derived	owner-provided:/Users/inxups/Library/Containers/com.tencent.qq/Data/Downloads/textures.rar#textures/item/tropical_mithril_bucket.png	textures/item/tropical_mithril_bucket.png	ce6463d68a849f2b55d2b67d08adbbfdb929cda3b28f4339031089ca25828bdd
derived	owner-provided:/Users/inxups/Library/Containers/com.tencent.qq/Data/Downloads/textures.rar#textures/item/tropical_silver_bucket.png	textures/item/tropical_silver_bucket.png	c6292401dd1e283b225d73b5cc7f42b0ddd5ddd6822da10b08006b2e6422de94
derived	26.2/item/bat_spawn_egg.png	textures/item/vampire_bat_spawn_egg.png	91010312974505425a7448a9533af2c273aa49976a838f983239e15d9000caa0
resource-pack	items/bowls/vegetable_soup.png	textures/item/vegetable_soup.png	cd463a021d7e08d391ead6abc78867db0d8cbbca6f2cbee5d0ba9cc33a5ade73
resource-pack	items/bowls/bowl_water.png	textures/item/water_bowl.png	dd3ea9acd9a4cb2b5b1e707ed059c4180243ac5fe85bd1894ce7c229f796cd81
derived	item/spawn_egg/spawn_egg_wight.png	textures/item/wight_spawn_egg.png	3059723ba3012b7e42aa2ede257568cbc928b658673ede21b5fc6974d0837e56
derived	minecraft:textures/item/bow.png	textures/item/wood_bow.png	1e2cb18545e4ed9286e1120686c3f835d6619b8bd853970f1011163b68426a54
resource-pack	items/bows/wood/adamantium_arrow_0.png	textures/item/wood_bow/adamantium_0.png	da26fc4b8924235efc44e554a98428226d9d98ecd80ab0bb973623dc4f2dabb4
resource-pack	items/bows/wood/adamantium_arrow_1.png	textures/item/wood_bow/adamantium_1.png	180a88125e80b250eb9d2c250d8be9d9684cee8b75fced3c697437c832b1fb98
resource-pack	items/bows/wood/adamantium_arrow_2.png	textures/item/wood_bow/adamantium_2.png	a9df13bc1f35a3b18873735ef1d98c61ab6a451946d7c4dc7ea9d8686113610b
resource-pack	items/bows/wood/ancient_metal_arrow_0.png	textures/item/wood_bow/ancient_metal_0.png	0aabb17654246fcc2040d22f68d2f843c31d2d16a03eeb4110b3114f5532abbf
resource-pack	items/bows/wood/ancient_metal_arrow_1.png	textures/item/wood_bow/ancient_metal_1.png	5e5558722b89adc7cbcd1fc4af2e91609be5b9e4a6ef61de1387ff39cfb64099
resource-pack	items/bows/wood/ancient_metal_arrow_2.png	textures/item/wood_bow/ancient_metal_2.png	f2d6031b046d9b14a59c80a4cc1050a656433b51b16a7f908d2322e32d312c0d
resource-pack	items/bows/wood/copper_arrow_0.png	textures/item/wood_bow/copper_0.png	766b08d27d0e38d12687c22313c5ad64edb871aa2a71c0cb3e64b1f6695aeca7
resource-pack	items/bows/wood/copper_arrow_1.png	textures/item/wood_bow/copper_1.png	d1c0d7326be7fa37716f70e88b5f741e7077480b9e35a48c63313c9b515a1833
resource-pack	items/bows/wood/copper_arrow_2.png	textures/item/wood_bow/copper_2.png	7ae500c958d86f2b9b43afad0fa6a971e648f5da390e36e38eaffff8c63fcc2a
resource-pack	items/bows/wood/flint_arrow_0.png	textures/item/wood_bow/flint_0.png	5beb5dbcbf2617dc7125849a45f57a9befc4e8846968056f108a687352dbd03d
resource-pack	items/bows/wood/flint_arrow_1.png	textures/item/wood_bow/flint_1.png	3e62cc3c90ca180b5aaae14d7f1a4d1537f6507e5af7e93f43c7b721211300e4
resource-pack	items/bows/wood/flint_arrow_2.png	textures/item/wood_bow/flint_2.png	52e47c6f1619030bf3c1545dc4e15dc460df8f6c35f91459a6d93cd3f62986a8
resource-pack	items/bows/wood/gold_arrow_0.png	textures/item/wood_bow/gold_0.png	f5e0a90b29c8b5fca248b8a416306caa9eb63be63d92337a020503be4094fa2b
resource-pack	items/bows/wood/gold_arrow_1.png	textures/item/wood_bow/gold_1.png	bf909c728eac39e1823cb79431c7702419f7808c9cb47b53c3a39dca35e9d164
resource-pack	items/bows/wood/gold_arrow_2.png	textures/item/wood_bow/gold_2.png	ad20273b5be21444ddc085f4bbeb031c41a4143a8680d06f7525991e533a5a64
resource-pack	items/bows/wood/iron_arrow_0.png	textures/item/wood_bow/iron_0.png	84bf48b16dadceeaca93c9645acc5be1a40db8623b0ede1375644e1bd4993c36
resource-pack	items/bows/wood/iron_arrow_1.png	textures/item/wood_bow/iron_1.png	f7e5e9ef23b6c9b39e4675fc4326df92b66d45bb0a64dc4852c1fd031ff2b0b4
resource-pack	items/bows/wood/iron_arrow_2.png	textures/item/wood_bow/iron_2.png	778090baec36ae4eb2071b0eab425c18f0ded8316b23100842b7c818119d93ea
resource-pack	items/bows/wood/mithril_arrow_0.png	textures/item/wood_bow/mithril_0.png	a3adaca9d640056e896fccef064f00d444ddbe210e91ea083c551332e4141d40
resource-pack	items/bows/wood/mithril_arrow_1.png	textures/item/wood_bow/mithril_1.png	bfca6aeb694fef8b38481b00be0d7d285b9ea3f2e67e536cf17169a7b0ddcc09
resource-pack	items/bows/wood/mithril_arrow_2.png	textures/item/wood_bow/mithril_2.png	bc12cc34a65cdd076a80e9597f9fe43071f1677bee19f50f64e624a63ac450dd
resource-pack	items/bows/wood/obsidian_arrow_0.png	textures/item/wood_bow/obsidian_0.png	366758dd776ea22eb5e9b8ef94e138f6d3b0f414cca407549bb329e5b3cacd8f
resource-pack	items/bows/wood/obsidian_arrow_1.png	textures/item/wood_bow/obsidian_1.png	04c00e43e8d2f764b95f834d6a57c0d25f35119d2a9b7dc80052a9ad1cf2f6e9
resource-pack	items/bows/wood/obsidian_arrow_2.png	textures/item/wood_bow/obsidian_2.png	6ade828f5e2fc97db800e25702ba636dd712cd062286422f6648ca394e5e2997
resource-pack	items/bows/wood/rusted_iron_arrow_0.png	textures/item/wood_bow/rusted_iron_0.png	381febde394e987d63c7d1b99c0ba5dc973294f82141a451f969467c14b5cacb
resource-pack	items/bows/wood/rusted_iron_arrow_1.png	textures/item/wood_bow/rusted_iron_1.png	91d5ab06c500d1ef72ebd237dc3c16762d20ebe950d58f4a06590e305b08e33a
resource-pack	items/bows/wood/rusted_iron_arrow_2.png	textures/item/wood_bow/rusted_iron_2.png	f0030a4d4bc2593510ace76c3b1b79934f3bf9ee5f3f3ad92b3c57df2dfa18a2
resource-pack	items/bows/wood/silver_arrow_0.png	textures/item/wood_bow/silver_0.png	85ed2e39dec537bc436a188551bc6751af3d13335cd0de6ad7eee7994237e098
resource-pack	items/bows/wood/silver_arrow_1.png	textures/item/wood_bow/silver_1.png	3db220f868f31327b09399d9cace43c1bf84f035a31c53d53464e17661f3c9f4
resource-pack	items/bows/wood/silver_arrow_2.png	textures/item/wood_bow/silver_2.png	88e9443ea9eff14d422d91dd0344fe355f99ac46f217bd7230eeadd639ba95e7
resource-pack	items/tools/wood_club.png	textures/item/wood_club.png	5757c6309362b27fd9dd424241f3a4302c69ad3229690d45e0d00b999384fe22
resource-pack	items/tools/wood_cudgel.png	textures/item/wood_cudgel.png	8458d44ef3fc9c6ba90497c960aabed3d62c2197e8dff5d7e7a5a5d6b4da12d9
derived	minecraft:textures/item/wooden_shovel.png	textures/item/wood_shovel.png	fcdb26e1d22b166d8837771707a064a8144b54684ac43974bbf6d6c981d13908
derived	item/spawn_egg/spawn_egg_wood_spider.png	textures/item/wood_spider_spawn_egg.png	6d08ddc68e94d260cc604508327fb76ab3e8de36f462df399e9d6bc120ae44ef
resource-pack	items/food/worm_raw.png	textures/item/worm.png	07b763e2eeea77e97acf86d261fd1edd826b250628b773631ac8a0f2dfddb6e7
derived	items/sugar.png+pad(18x18,1,1)	textures/mob_effect/insulin_resistance.png	36e0769380f06abf8f45c5592ea1504f8fd2600260084aa715189652861f7e23
derived	gui/MITE_icons.png+crop(19,199,16,16)+pad(18x18,1,1)	textures/mob_effect/malnutrition.png	7a2920c151b7f14b2b098016ab6ba63be9896916cd663329173037e359f2fbbd
derived	gui/mite_icon_gold_ring.png+crop(7,7,18,18)	textures/mob_effect/witch_curse.png	b0e86c7108b1f67ee89d42ffb981a215a25d0e6113a0786ec4d1cf7ef676a23c
resource-pack	blocks/crops/onions/0.png	textures/block/crops/onions/0.png	c953c5f9418e123591cf852af74bcd778b7f7ce7decdd316f079a913b6efd959
resource-pack	blocks/crops/onions/1.png	textures/block/crops/onions/1.png	e688d0f4e828e0e8e83c3b3e29dbbfdef66c4bcf2060692fd251023d1c4517f4
resource-pack	blocks/crops/onions/2.png	textures/block/crops/onions/2.png	d336e58a8af48768086b4a13cbe834c194897696a4c539e5894c5505dff02a51
resource-pack	blocks/crops/onions/3.png	textures/block/crops/onions/3.png	8aa78ec701b6d66c6d040223ee0a2691a47a83c21f9fe952f88b57192a72ab1a
resource-pack	blocks/crops/onions/4.png	textures/block/crops/onions/4.png	bff75b41513c23451da8b933326d3301a391e20421e5c19c4f8e174ef7cdf6a0
resource-pack	blocks/crops/onions/blighted/0.png	textures/block/crops/onions/blighted/0.png	ff58c45ce6001a81e6c5786a12b02a280895af1bd03597d6526e2e2e7aa95a47
resource-pack	blocks/crops/onions/blighted/1.png	textures/block/crops/onions/blighted/1.png	7093449759a190ebf0d11ae77e280430acef29fb92d1f0a25de15959d4926107
resource-pack	blocks/crops/onions/blighted/2.png	textures/block/crops/onions/blighted/2.png	4aa001db957fb01b5144e3c3dd04889db46775a1d4bfd66d4231cbb2f19aa77a
resource-pack	blocks/crops/onions/blighted/3.png	textures/block/crops/onions/blighted/3.png	990d7e6cb2afccece40c0038c941c142c87f647dbb2020156d9c4cd5c22f1bd8
resource-pack	blocks/crops/onions/blighted/4.png	textures/block/crops/onions/blighted/4.png	893fc449f3f1f781072e7258825ebbd594266fface5b84474fc49d6ca12ea5ee
resource-pack	blocks/crops/onions/dead/0.png	textures/block/crops/onions/dead/0.png	aae13a588c78bd1c16e00d37f4c5a180854b19279632d86601b2d458f1093fd9
resource-pack	blocks/crops/onions/dead/1.png	textures/block/crops/onions/dead/1.png	e66efeafb13d80ac76c53fde1825ae4b1e7b9291cfa9436805ddc5525b56a5fd
resource-pack	blocks/crops/onions/dead/2.png	textures/block/crops/onions/dead/2.png	18ccf4cc095dc377078968c27d032d3b90788cf37c7e7e84a2d82df051125592
resource-pack	blocks/crops/onions/dead/3.png	textures/block/crops/onions/dead/3.png	993a3d13c4431bfb473bd69bcc9378526550cf6771d1beccdf1f722c39f67acf
